"X軸","X Axis"
"Y軸","Y Axis"
"Z軸","Z Axis"
"Xへ","To X"
"Yへ","To Y"
"Zへ","To Z"
"レンダリング → ビューポート","Rendering => View"
"色","Color"
"色を編集","Edit Color"
"幅","Width"
"左","Left"
"右","Right"
"上","Up"
"上","Top"
"下","Down"
"下","Bottom"
"「","「"
"面","Face"
"辺","Edge"
"線","Line"
"形","Shape"
"円","Circle"
"球","Sphere"
"子","Child"
"親","Parent"
"後","Back"
"前","Front"
"接尾辞を追加","Add Axis Suffix"
"位置コピー","Copy Location"
"回転コピー","Copy Rotation"
"スケールコピー","Copy Scale"
"表示","Show"
"隠す","Hide"
"アクティブのみ表示","Show Only Active"
"アクティブのみ隠す","Hide Only Active"
"展開 / 閉じる","Expand / Close"
"横幅","Width"
"縦幅","Height"
"右上","Top Right"
"右下","Bottom Right"
"左下","Bottom Left"
"左上","Top Left"
"アーマチュアのポーズ位置/レスト位置を切り替えます","Toggles pose/rest position of armature"
"ポーズ無効","Pose Disabled"
"ポーズ有効","Pose Enabled"
"ポーズ位置を切り替え (現在：レスト位置)","Pose position switch (rest position)"
"ポーズ位置を切り替え (現在：ポーズ位置)","Pose position switch (pose position)"
"ポーズライブラリのポーズを移動","Move Pose"
"ポーズライブラリのポーズを最上部 / 最下部へ","Move Pose to Top / Bottom"
"アクティブなポーズライブラリのポーズを最上部、もしくは最下部へ移動させます","Move the pose to top or bottom of the active pose library"
"ポーズ","Pose"
"現ポーズを回転制限に","Now pose to rotation limit"
"ポーズの回転をリセット","Reset Pose Rotation"
"名前を揃える","Match Names"
"画像編集ソフトのパス 1","Path of Image Edit Software 1"
"画像編集ソフトのパス 2","Path of Image Edit Software 2"
"画像編集ソフトのパス 3","Path of Image Edit Software 3"
"テキスト編集ソフトのパス 1","Path Text Edit Software 1"
"テキスト編集ソフトのパス 2","Path Text Edit Software 2"
"テキスト編集ソフトのパス 3","Path Text Edit Software 3"
"X軸を反転","Invert X axis"
"Y軸を反転","Invert Y axis"
"Z軸を反転","Invert Z axis"
"位置","Location"
"回転","Rotation"
"スケール","Scale"
"ブーリアンを追加 (交差)","Add Boolean (Intersect)"
"ブーリアンを追加 (統合)","Add Boolean (Union)"
"ブーリアンを追加 (差分)","Add Boolean (Difference)"
"ブーリアンを追加 + 適用 (交差)","Add and Apply Boolean (Intersect)"
"ブーリアンを追加 + 適用 (統合)","Add and Apply Boolean (Union)"
"ブーリアンを追加 + 適用 (差分)","Add and Apply Boolean (Difference)"
"全て適用","Apply All"
"全て削除","Delete All"
"使用/非使用を揃える","Sync View-Render"
"全表示","Show All"
"無所属","Non-Group"
"追加項目のオン/オフ","On/Off Additional Items"
"選択範囲","Selection Range"
"X軸の制限","X Axis Limit"
"Y軸の制限","Y Axis Limit"
"Z軸の制限","Z Axis Limit"
"IK制限の角度","Angles for Limit"
"面あり","Face Only"
"辺のみ","Edge Only"
"頂点すら無し","Without Even Vertex"
"十字","Cross"
"矢印","Arrow"
"立方体","Cube"
"円錐","Cone"
"ボーン名の XXX.R => 右XXX を相互変換","Bone names XXX.R => 右XXX"
"ボーン名の XXX.R => 右XXX を相互変換します","Bone names XXX.R => 右XXX"
"XXX.R => 右XXX","XXX.R => 右XXX"
"^右","^右"
"^左","^左"
"X.001 のように番号の付いた名前のボーンを選択します","Select bones with number names (example x.001)"
"X X.001 X.002 などのボーン名を同じ名前とみなして選択します","Select bones same names (example X X.001 X.002)"
"塗り潰す","Fill Vertices"
"まとめて追加","Add Together"
"X軸の設定","X Axis Setting"
"Y軸の設定","Y Axis Setting"
"Z軸の設定","Z Axis Setting"
"空UV","Empty UV"
"解像度","Resolution"
"-(マイナス)","-(Minus)"
"+(プラス)","+(Plus)"
"解像度 X","Resolution X"
"解像度 Y","Resolution Y"
"布(クロス)","Cloth"
"ソフトボディ","Soft Body"
"流体","Fluid"
"ダイナミックペイント","Dynamic Paint"
"細分化数を +1","+1 Subdivisions"
"細分化数を   -1"," -1  Subdivisions"
"細分化数： 0","Subdivisions: 0"
"細分化数： 1","Subdivisions: 1"
"細分化数： 2","Subdivisions: 2"
"細分化数： 3","Subdivisions: 3"
"パイメニュー","Pie Menu"
"設定をコピー","Copy Setting"
"選択物へ","To Select"
"視点のセーブ","Save View"
"現在の3Dビューの視点をセーブします","Save current 3D view perspective"
"視点セーブデータ","View Save Data"
"視点の読み込みに失敗しました、セーブデータをリセットします","Failed load view, reseted save data"
"視点のロード","Load View"
"現在の3Dビューに視点をロードします","Load to current 3D view perspective"
"視点セーブデータ名","View save data name"
"セーブデータが存在しませんでした","Save data does not exist"
"視点セーブを破棄","Delete View Save"
"全ての視点セーブデータを削除します","Removes all view save data"
"視点セーブをロード","Load view save data"
"無効なメニュー","Invalid Menu"
"「追加項目のオン/オフ」の非表示","\"On/Off additional items\" hidden"
"視点のセーブデータ","View Save Data"
"XMLキーコンフィグのパス","XML Config Path"
"ScrambleAddonによる追加メニューを有効/無効に切り替えます","Extra menu of ScrambleAddon toggle Enable/Disable"
"剛性","Stiffness"
"制限","Limit"
"最小","Minimum"
"最大","Maximum"
"反転","Invert"
"演算","Calculate"
"交差","Intersect"
"統合","Union"
"差分","Difference"
"下へ","To Down"
"方向","Direction"
"ぼかしの実施回数","Number of Blurring"
"高さ","Height"
"中央","Center"
"画像を変形","Transform Image"
"色を塗る","Paint Image"
"画像を編集","Edit Image"
"画像","Image"
"乗算","Multiplication"
"情報","Info"
"左へ","To Left"
"追加","Add"
"頂点","Vertex"
"接続","Connection"
"結合","Combine"
"投影","Projection"
"方式","Method"
"密度","Density"
"半径","Radius"
"距離","Distance"
"加算","Add"
"減算","Sub"
"置換","Replace"
"全て","All"
"対象","Target"
"根本","Root"
"兄弟","Brother"
"パス","Path"
"ロック","Lock"
"細分化数","Number of Subdivisions"
"画像の配置：横","Image Alignment : Horizontal"
"画像の配置：縦","Image Alignment : Vertical"
"ノイズ","Noise"
"再起動","Restart"
"ブラシ","Brush"
"カメラ","Camera"
"カーブ","Curve"
"ランプ","Lamp"
"マスク","Mask"
"シーン","Scene"
"ボーン","Bone"
"置換対象","Target text"
"置換後","New Text"
"互換性","Compatibility"
"低品質","Low Quality"
"中品質","Normal Quality"
"を隔離","Isolate"
"絶対値","Absolute Value"
"相対値","Relative Value"
"その他","Other"
"座標軸","Axis"
"モード","Mode"
"X移動","X Move"
"Y移動","Y Move"
"Z移動","Z Move"
"X回転","X Rot"
"Y回転","Y Rot"
"Z回転","Z Rot"
"静止画","Image"
"ロール","Roll"
"有効化","Enable"
"選択物","Selected"
"コピー","Copy"
"倍率","Scale Factor"
"線の色","Line Color"
"輪郭線","Line"
"頂点数","Number of Vertices"
"Z角度","Z Angle"
"ひし形","Rhombus"
"タイプ","Type"
"半選択","Half Select"
"追加文字","Add Text"
"接尾辞を反転","Flip Axis Suffix"
"コピー元の軸","Original Axis"
"設定方法","How to set up"
"シンプル","Simple"
"頂点結合","Combine Vertices"
"まとめて操作","Bulk Manipulation"
"しきい値","Threshold"
"ぼかし量","Blur Strength"
"水平反転","Flip Horizontally"
"垂直反転","Flip Vertically"
"並べる数","Number of Tiles"
"アルファ","Alpha"
"アルファ値を使用","Use alpha"
"フォント","Font"
"グループ","Group"
"ラティス","Lattice"
"メッシュ","Mesh"
"パレット","Palette"
"サウンド","Sound"
"テキスト","Text"
"ワールド","World"
"ソリッド","Solid"
"ワイヤー","Wire"
"ミックス","Mix"
"最高品質","High Quality"
"物理演算","Physical"
"1つの頂点のみ","Only One Vertex"
"スロット","Slot"
"== エディターでテキストを編集 ==","== Edit Text with Editors =="
"フレーム","Frame"
"ヘッダー","Header"
"マーカー","Marker"
"画像全般","Images General"
"クリップ","Clip"
"リセット","Reset"
"元を削除","Remove Original"
"ボーン名","Bone Name"
"尾を移動","Move Tail"
"非選択部","Non-select Parts"
"結合距離","Combine Distance"
"レイヤー","Layer"
"表示設定","Display Setting"
"最近接面","Recently Face"
"の輪郭線","Lines"
"移動位置","Move Location"
"選択制限","Select Limit"
"親子関係","Parent/Child Relation"
"特殊処理","Special Processing"
"回転制限","Rotation Limit"
"剛体基点","Rigid Origin"
"直接の子","Immediate Children"
"ローカル","Local"
"レンダリング結果の表示方法","Display Method for Result"
"選択拡張","Select Extension"
"追加選択","Select Additional"
"ストレッチ","Stretch"
"ミラーは適用しない","Not Apply Mirror"
"最適化表示","Optimized View"
"細分化方法","Subdivision Method"
"変形する軸","Axis Deformation"
"カーブ関係","Curve"
"全てリネーム","Rename All"
"表示 / 非表示","Show / Hide"
"タブ > ","Tab >"
"UVマップ","UV Maps"
"過去のUV","Past UV"
"新しいUV","New UV"
"UVを移動","Move UV"
"頂点カラー","Vertex Color"
"塗り潰す色","Fill Color"
"余白部分の色","Color of Blank Space"
"90°回転","Rotate by 90 Degrees"
"比率を維持","Keep Ratio"
"画像を複製","Duplicate Image"
"効果の強さ","Strength"
"グレースケールに変換","Convert to Grayscale"
"画像をぼかす","Blur Image"
"アクション","Action"
"ライブラリ","Library"
"マテリアル","Material"
"メタボール","Metaballs"
"スクリーン","Screen"
"スクリプト","Script"
"スピーカー","Speaker"
"テクスチャ","Texture"
"先頭に追加","Add to Top"
"末尾に追加","Add to End"
"ログを表示","Show Log"
"エンプティ","Empty"
"オフにする","Off"
"ブレンド色","Blend Color"
"ビューポートでのディフューズ色","Diffuse Color in viewport"
"他の色とブレンドされたディフューズ色","Diffuse Color Mixed with Other Color"
"オン/オフ","On/Off"
"オリジナル","Original"
"バンプ品質","Bump Quality"
"コピー元のオブジェクトを削除","Delete Original Object"
"スレッド数","Number of Threads"
"AOを使用","Use AO"
"ブルームを使用","Use Bloom"
"高ビット深度の影を使用","Use High Bitdepth Shadows"
"ソフトシャドウを使用","Use Soft Shadows"
"プロパティ","Property"
"3Dビュー","3D View"
"3Dビューポート","3D Viewport"
"アニメーション関係","Animetion-related"
"画像を表示","Show Image"
"切り詰める","Cut"
"ウィンドウ","Window"
"2Dビュー","2D View"
"面のマスク","Face Mask"
"スカルプト","Sculpt"
"マスク編集","Mask Edit"
"ノード全般","Node General"
"NLA全般","NLA General"
"コンソール","Console"
"セグメント","Segment"
"イーズイン","Ease In"
"最近接頂点","Nearest Vertex"
"オフセット","Offset"
"レンダリング時 = ビューポート + ","'When Rendering' = 'In Viewport' + "
"クロス設定","Cloth Setting"
"対話モード","Interactive Mode"
"レベル:2","Level: 2"
"レベル:6","Level: 6"
"レベル:0","Level: 0"
"レベル:4","Level: 4"
"レベル:3","Level: 3"
"レベル:5","Level: 5"
"レベル:1","Level: 1"
"blendファイル","Blend File"
"バックアップ","Backup File"
"関連付けの対象","Files to associate"
"選択不可に","Set Unselect"
"減衰：移動","Damping: Move"
"減衰：回転","Damping: Rotate"
"制限の反転","Reverse Limit"
"選択モード","Select Mode"
"サーフェス","Surface"
"選択タイプ","Select Type"
"同じタイプ","Same Type"
"より大きい","Bigger Than"
"より小さい","Smaller Than"
"マウス位置","Mouse Position"
"名前が対称","Mirror Name"
"グローバル","Global"
"半選択解除","Half-Unselect"
"ズームする","Zoom"
"グループ名","Group Name"
"最大/最小を反転","Reverse min & max"
"他軸にコピー","Copy to other axes"
"UVを細分化","Subdivide UV"
"新しいUV名","New UV Name"
"UV名を変更","Rename UV"
"頂点カラーを移動","Move Vertex Color"
"頂点カラー名","Vertex Color Name"
"拡張子も含む","Include Extension"
"画像を正規化","Normalize Image"
"180°回転","Rotate by 180 Degrees"
"270°回転","Rotate by 270 Degrees"
"使用する番号","Number of Use"
"画像ファイル","Image File"
"縮小した画像を並べる","Lay out Shrunken Images"
"UVグリッド","UV Grid"
"アーマチュア","Armature"
"オブジェクト","Object"
"パーティクル","Particle"
"シェイプキー","Shape Key"
"頂点グループ","Vertex Group"
"リネーム設定","Rename Settings"
"接頭辞を追加","Add Prefix"
"接尾辞を追加","Add Suffix"
"サーフェイス","Surface"
"ブレンドの強さ","Blend Strength"
"半径(大体)","Radius (roughly)"
"視点に揃える","Align View"
"グループに含める頂点のウエイトの閾値","Threshold Weight of Included Vertices"
"細分化レベル","Level of Subsurf"
"開始フレーム","Start Frame"
"最終フレーム","End Frame"
"再作成","Re-create"
"ドープシート","DopeSheet"
"タイムライン","Timeline"
"エリアタイプ","Area Type"
"一番上を選択","Select Top"
"一番下を選択","Select Bottom"
"画像ペイント","Image Paint"
"頂点ペイント","Vertex Paint"
"テキスト全般","Text General"
"シーケンサー","Sequencer"
"イーズアウト","Ease Out"
"投影(2D)","Projection (2D)"
"クリッピング","Clipping"
"一番上に追加","Add Top"
"ミックス強度","Mix Strength"
"マテリアルで","To Material"
"変形をリンク","Link Transform"
"ウェイト転送","Weight Transfer"
"メタボール名","Metaball Name"
"ボーンの長さ","Bone Length"
"輪郭線の厚さ","Thickness of Lines"
"色を設定する","Set Color"
"ベベルを複製","Copy Bevel"
"2Dカーブに","To 2D Curve"
"塗り潰し方法","Fill Method"
"繰り返し回数","Repeat Count"
"全てをぼかし","Blur All"
"ローカル空間","Local Space"
"減衰トラック","Damp Track"
"右半分を選択","Select Right Half"
"ランプタイプ","Lamp Type"
"コピー元UV","Source UV"
"レイヤー番号","Layer Number"
"視点を原点に","Viewpoint at Origin"
"ズームしない","No Zoom"
"視点変更方法","How to change view"
"コピーする設定","Settings to copy"
"サブディビジョンサーフェスは適用しない","Not Apply Subdivision Surface"
"ビューの分割数","Number of View"
"サブサーフ","Subsurf"
"ブーリアン","Boolean"
"全レイヤー表示","Show All Layers"
"ボーングループごとに表示","Show for Bone Group"
"メッシュデータ","Mesh Data"
"削除するUV名","Remove UV Name"
"頂点カラー操作","Vertex Color Operation"
"単色画像に変換","Convert to One-color Image"
"モノクロノイズ","Monochrome Noise"
"アルファノイズ","Alpha Noise"
"ラインスタイル","Line Style"
"ノードグループ","Node Groups"
"モディファイア","Modifier"
"ブレンドモード","Blend Mode"
"開始オフセット","Start Offset"
"四角ポリゴン球","Squared-Polygon Sphere"
"AOサンプル数","AO Samples"
"アウトライナー","Outliner"
"バウンドの表示タイプ","Boundary Display Type"
"アニメーション","Animation"
"スクリーン編集","Screen Edit"
"3Dビュー全般","3D View General"
"ペイントカーブ","Paint Curve"
"ジェスチャ境界","Gesture Boundary"
"ジェスチャ直線","Gesture Lines"
"UVエディター","UV Editor"
"UVスカルプト","UV Sculpt"
"移動先カテゴリ","Move Category"
"位置のしきい値","Position of Threshold"
"X軸ミラー編集","X axis mirror edit"
"頂点のみを隠す","Hide Only Vertex"
"最近接表面の点","Closest Surface Point"
"オブジェクト名","Object Name"
"サブサーフ設定","Subsurf Setting"
"確認せずに削除","Delete Without Confirmation"
"アーマチュア名","Armature Name"
"ふちに面を張る","Fill face to edge"
"全オブジェクト","All Objects"
"頂点(三角形)","Vertex (triangle)"
"カーブの解像度","Resolution of Curve"
"...等の合成","... Such as combine"
"アクティブのみ","Active Only"
"ウェイトの位置","Position of Weight"
"物理演算を設定","Set Rigid Body"
"シェイプサイズ","Shape Size"
"IKの回転制限","IK Rotation Limit"
"大きい物を選択","Select Big"
"小さい物を選択","Select Small"
"シェーディング","Shading"
"ボーンレイヤー","Bone Layer"
"クリップボードへ","To Clipboard"
"IK設定をコピー","Copy IK Setting"
"ベベル指定コピー","Copy Bevel Object"
"アーマチュアは適用しない","Not Apply Armature"
"ブーリアンを追加","Add Boolean"
"ブーリアンを追加 + 適用","Add and Apply Boolean"
"最適化表示を設定","Set Optimal Display"
"カトマルクラーク","Catmulclark"
"レンダーの分割数","Number of Render"
"アーマチュア関係","Armature"
" を削除しました"," Removed"
"頂点カラーを塗り潰す","Fill Vertex Color"
"キーを1つは残す","Except One Key"
"指定色で塗り潰す","Fill With Color"
"新しいファイル名","New File Name"
"画像をリサイズ","Resize Image"
"画像をぼかす (高速)","Blur Image (Fast)"
"画像の枠のサイズを変更","Change Size of Image's Frame"
" を保存しました"," Saved"
"グリースペンシル","Grease Pencil"
"ムービークリップ","Movie Clip"
"コンストレイント","Constraints"
"選択オブジェクトのマテリアルにのみコピー","Copy to Only Selected Objects' Materials"
"選択オブジェクトのマテリアルにのみ適応","Apply to Only Selected Objects' Materials"
"設定値が不正です","Invalid Setting Value"
"「簡略化」設定を変更","Change 'Simpify' Settings"
"細分化数の上限","Upper Limit of Subdivisions"
"表示する子パーティクルの割合","Ratio of Displayed Child Particles"
"テクスチャサイズの上限","Upper Limit of texture size"
"AOのバウンス数","Bounces of AO"
"ビューポート","Vierport"
"レンダリング","Rendering"
"レンダースロット","Render Slots"
"フレームステップ","Frame Step"
"パイメニュー：エディター","Pie menu : Editor Type"
"ノードエディター","Node Editor"
"ノンリニアアニメーション","Non-Liner Animation"
"グラフエディター","Graph Editor"
"ドライバー","Drivers"
"面の裏側を透明にする","Hide Back Side of Faces"
"データ名をクリップボードにコピー","Copy Data Name to Clipboard"
"表示設定をコピー","Copy Display Setting"
"すべての辺を表示","Show All Edges"
"リジッドボディの設定をコピー","Copy Rigid Body Setting"
"反転するリミットの設定","Settings to Reverse"
"タイプを設定","Set Type"
"汎用ばね","Generic Spring"
"汎用","Generic"
"リミット設定","Limits Settings"
"初期化","Initialize"
"反転","Reverse"
"アクティブより下のスロットを削除","Remove Slots Below Active"
"キーバインドで検索","Search by Key-Binding"
"ウェイトペイント","Weight Paint"
"NLAチャンネル","NLA Channel"
"シーケンサー共通","Sequencer-common"
"オブジェクト名も","And Object Name"
"非選択も含め全て","Include Non-select"
"ストレッチの設定","Stretch Setting"
"「面」選択モード","Face Select Mode"
"「辺」選択モード","Edge Select Mode"
"表示/隠すを反転","Invert Show/Hide"
"レイヤーを同じに","Set Same Layer"
"トランスフォーム","Transform"
"ソフトボディ設定","SoftBody Setting"
"パーティクル編集","Particle Edit"
"位置と回転とスケール","Location & Rotation & Scale"
"面内の最近接頂点","In-Face Nearest Vertex"
"メタボールサイズ","Metaball Size"
"メタボール解像度","Metaball Resolution"
"辺部分のボーン名","Bone name of edge parts"
"レンダリング制限","Rendering Limit"
"根本を元の位置に","Reset Root"
"シェイプの細分化","Shape Subsurf"
"同じサイズも選択","Select Same Size"
"キーイングセット","Keying Set"
"サブサーフレベル","Subsurf Level"
"小さなものを選択","Select Small"
"大きなものを選択","Select Big"
"プリセットビュー","Preset View"
"ビューの反対側に","Invert View"
"面を正面から見る","View Front"
"追加クイック編集","Add Quick Edit"
"ボーン名の接尾辞を反転","Flip Bone Name's Axis Suffix"
"最小/最大角を反転","Reverse Minimum and maximum Angles"
"テーパー指定コピー","Copy Taper Object"
"カーブを追加","Add Curve"
"モディファイア適用","Apply Modifiers"
"モディファイア操作","Modifier manipulation"
"直前のレイヤー情報","Last Layer Information"
"全レイヤー表示解除","Unshow All Layers"
"リネームするUV名","Rename UV Name"
"UVが存在しません","No UV"
"未使用のUVを削除","Remove Unused UV"
"選択されたオブジェクトのUVをまとめて操作します","Manipulate selected objects' UV Maps together"
"透明部分を塗り潰す","Fill Transparent Part"
"新規画像 (拡張)","New Images (Extra)"
"特定のデータをまとめてリネーム(使用には注意を)","Rename all of specific Data  (use cautiously)"
"オブジェクトをまとめて処理","Manipulate Objects Together"
"マテリアルをまとめて処理","Manipulate Materials Together"
"テクスチャをまとめて処理","Manipulate Textures Together"
"画像をまとめて処理","Manipulate Images Together"
"物理演算をまとめて処理","Manipulate Physics Together"
"全てのオブジェクト","All Objects"
"解像度の倍率を設定","Set multi of resolution"
"使用シェーディング","Used Shading"
"プレビュー値に同期","Sync Preview Value"
"テキストエディター","Text Editor"
"ファイルブラウザー","File Browser"
"プリファレンス","Preferences"
"トップバー","Topbar"
"一番上に移動","Move to Top"
"一番下に移動","Move to Bottom"
"シェイプキーを複製","Duplicate Shape Key"
"名前に右の文字列を含むグループを削除","Remove groups which names contain :"
"下限","Lower Limit"
"間隔","Interval"
"キーフレームでの値","Keyframes' Values"
"1つ前のシェイプの変形終了時点","End of Previous Transformation"
"値が0のキーフレームの位置","Zero-Value Keyframes"
"無効化されていないシェイプのみ","Only Non-Mute Key"
"全てのキー","All Shape Keys"
"アクティブまでのキー","From First To Active"
"対象のシェイプキー","Target Shape Key"
"それぞれの変形","Each Transformation"
"順番に開始","Start In Order"
"一斉に開始","Start At Once"
"反転コピー追加","Add Mirrored"
"低ウェイトの頂点を除去","Low-Weight Vertices"
"選択した頂点で作成","With Selected Vetices"
"各頂点に最低でも1つはウェイトを残す","At Least One Weight for Each Vertices"
"オブジェクトカラー","Object Color"
"初期化するリミットの設定","Settings to Initialize"
"最後までスクロール","Scroll End"
"オブジェクトモード","Object Mode"
"標準モーダルマップ","Common Modal Map"
"クリップエディター","Clip Editor"
"置換前(正規表現)","Before replace (regular expressions)"
"「頂点」選択モード","Vertex Select Mode"
"メッシュ選択モード","Mesh Selection Mode"
"頂点グループミラー","Vertex Group Mirror"
"テクスチャUミラー","Texture U Mirror"
"テクスチャVミラー","Texture V Mirror"
"アーマチュアの動き","Movement of Armature"
"テクスチャペイント","Texture Paint"
"最高描画タイプ設定","Setting maximum Drawing Type"
"などを削除しました"," such as deleted"
"頂点グループの転送","Transfer Vertex Group"
"法線に合わせて回転","Rotate From Normal"
"辺にもボーンを追加","Add bones to edge"
"頂点部分のボーン名","Bone name at vertex"
"レンダリングしない","No Render"
"選択物の選択を制限","Limit Select"
"ランダムな色を使う","Use Random Colors"
"ウェイト同士の合成","Combine Weights"
"新頂点グループ作成","Create new vertex group"
"ウェイト同士の減算","Subtraction Weights"
"頂点グループぼかし","Vertex Group Blur"
"アクティブをぼかし","Blur Active"
"アーマチュアを隠す","Hide Armature"
"エンプティの大きさ","Empty Size"
"X=0の頂点を選択","Select Vertex X=0"
"より大きい物を選択","Select Bigger"
"より小さい物を選択","Select Smaller"
"同アーマチュア変形","Same Armature Transform"
"ボーンの経路を選択","Select path of bones"
"他のUVからコピー","Copy from other UV"
"透視投影/平行投影","Perspective/Orthographic"
"選択+視点の中心に","Select and Set view center"
"グループでレイヤー","Layers by Groups"
"IK設定を他の選択ボーンにコピー","Copy IK Setting to selected bones"
"ボーンの変形をコピー","Copy Bone Transform"
"全てのモディファイアを適用","Apply all modifiers"
"全てのモディファイアを削除","Remove all modifiers"
"「体積を維持」を使用","Use Preserve Volume"
"カーブについて操作を行います","Manipulate Curve modifier"
"頂点色が存在しません","Vertex color not exist"
"頂点カラーをまとめて追加","Add Vertex Colors Together"
"画像のファイル名を変更","Rename Image File"
"画像が見つかりません","Image Not Found"
"ノイズ画像を新規作成","Create New Noise Image"
"浮動小数点カラーを使用","Use floating point color"
"UVを平面メッシュに変換","Convert UV to Plane Mesh"
"ショートカット登録用","By Shortcuts"
"表示切り替え(ショートカット登録用)","Toggle Display (For Shortcut)"
"確認せずに上書き保存","Save Without Confirmation"
"オブジェクトのタイプ","Object Type"
"選択オブジェクトのマテリアルのみ","Selected Objects' Material Only"
"スレッド数を変更","Change Number of Threads"
"スレッド数を変更 (現在：自動検知)","Change Number of Threads (Now: Auto-detect)"
"スレッド数を変更 (現在：固定)","Change Number of Threads (Now: Fixed)"
"ファイルフォーマットを設定","Set File Format"
"アンチエイリアス使用","Use Anti-aliasing"
"画像エディター","Image Editor"
"UVエディター","UV Editor"
"コンポジター","Compositor"
"シェーダーエディター","Shader Editor"
"テクスチャノードエディター","Texture Node Editor"
"エディタータイプを変更","Change Editor Type"
"ベイク用の画像を新規に作成","Crate New Image for Bake"
"Blenderを終了","Quit Blender"
"外部エディターで編集","Edit with external editor"
"プロパティエディター","Property Editor"
"ジェスチャ境界ズーム","Zoom Gesture Border"
"グラフエディター全般","Graph General"
"ロールをまとめて設定","Set Rolls"
"プロポーショナル編集","Proportional Edit"
"隠している部分を削除","Remove Hidden Meshes"
"テクスチャ スペース","Texture Space"
"クロスの設定をコピー","Copy Cloth Setting"
"レンダリングにも適用","Apply Render"
"非選択物の選択を制限","Limit select to non-selected"
"複製元のベベルを削除","Delete original bevel object"
"新しい頂点グループに","To new vertex group"
"ウェイト0.0は削除","Remove weight of 0.0"
"全ての選択不可を解除","Unlock All Unselect"
"ボーン名の連番を削除","Remove bone name serial number"
"剛体コンストレイント","Rigid Constraints"
"関係で選択 (拡張)","Select by relation (Extra)"
"メッシュの特徴で選択","Select characteristics of mesh"
"ボーンの末端まで選択","Select end of bone"
"ボーンの根本まで選択","Select root of bone"
"ボーン名に接尾辞を追加","Add Axis Suffix to Bone Name"
"IK設定を他の軸にコピー","Copy IK Settings to other axes"
"全てのボーンレイヤーを表示","Show all layers"
"選択されたボーングループのレイヤーを表示","Show selected bone group's layers"
"特定の名前のUVをまとめてリネーム","Rename specific UVs Together"
"非選択なUVを削除","Remove Unselected UV"
"全ての選択したメッシュ","All Selected Mesh"
"頂点色数が1つ以下です","Vertex color is less than one"
"値が重複するキーフレームを削除","Delete Value-overlapping keyframes"
"全ての画像を再読み込み","Reload All Images"
"UVグリッドを新規作成","Create New UV Grid Image"
"外部のエディターで編集","Edit with External Editors"
"全ての分割された頂点を選択","Select ALL Separated Vertices"
"分割された頂点の「もう一方」を選択","Select The OTHER Separated Vertices"
"選択を維持","Keep Selection"
"ボーンコンストレイント","Bone Constraints"
"分割されたコピー","Separated Copy"
"レンダースロットを設定","Set Render Slot"
"動画クリップエディター","Video Clip Editor"
"Pythonコンソール","Python Console"
"空の頂点グループを削除","Remove Empty Vertex Groups"
"オブジェクト名をクリップボードにコピー","Copy Object Name to Clipboard"
"リジッドボディワールドを作り直す","Re-create Rigid Body World"
"無効なテクスチャを削除","Remove Invalid Texture"
"アクティブなUVを使う","Use Active UV"
"2Dビューボタンリスト","2D view buttons list"
"オブジェクト非モーダル","Object Non-modal"
"3Dビュー回転モーダル","3D view rotation modal"
"3Dビュー移動モーダル","3D view mobile modal"
"シーケンサープレビュー","Sequencer Preview"
"外部の画像エディター","External Image Editor"
"外部のテキストエディター","External Text Editor"
"ボーン名をまとめて設定","Set Bone Names"
"確認無しでボーンを削除","Delete bone without confirm"
"一番上のシェイプを選択","Select shape at top"
"オブジェクト名を同じに","Sync Object Name"
"空のUVマップをリンク","Link empty UV map"
"オブジェクト対話モード","Object Modes"
"位置/回転/スケールを適用","Apply Location/Rotation/Scale"
"ウェイト全削除してから","Befere delete all weights"
"頂点のインデックス番号","Index of Vertex"
"頂点グループのクリーン","Clean Vertex Groups"
"頂点グループを大きさに","Size from vertex group"
"「裏面を非表示」をオン","On Backface Culling"
"親子関係のメニューです","Parent/Child Menu"
"新頂点グループ名の末尾","End of new vertex group name"
"カスタムシェイプを作成","Create CustomShape"
"作成するオブジェクト名","Name of create object"
"スローペアレントを設定","Set SlowParent"
"スローペアレントの強度","SlowParent Strength"
"ボーンにドライバを追加","Add driver to bone"
"X=0の頂点を選択する","Select vertex of X=0"
"基準サイズ オフセット","Standard Size Offset"
"面のあるメッシュを選択","Select face exist mesh"
"辺のみのメッシュを選択","Select edge only mesh"
"同じ名前のボーンを選択","Select bone of same name"
"ボーンとその経路を選択","Select bone and path"
"カーソル → 視点位置","Cursor => View Positon"
"シェーディング切り替え","Shading Switch"
"バウンディングボックス","Bounding Box"
"レイヤーのパイメニュー","Layer Pie Menu"
"ノード使用中なので不可","Impossible, Because nodes used"
"クイック編集 (拡張)","Quick Edit (Advance)"
"表示設定を同期","Match Display State"
"ビューに合わせる","Match to Viewport"
"レンダリングに合わせる","Match to Rendering"
"モディファイア適用 + オブジェクト統合","Apply Modifiers and Join Objects"
"ブーリアンについて操作を行います","Manipulate Boolean modifier"
"画像パスが見つかりません","Cannot find image path"
"2Dカーソルの位置を設定","Set 2DCursor Position"
"最新の自動保存を読み込み","Load Last AutoSave"
"選択中のオブジェクトのみ","Only Selected Object"
"レンダリング画像のサイズ(%)を設定","Set Rendering Image's Size (%)"
"レンダリング時のサブサーフの細分化数を設定","Set Subsurfs' Subdivisions when Rendering"
"FreeStyleを使用","Use FreeStyle"
"全てのマテリアルスロットを削除","Remove All Material Slots"
"未使用マテリアル全削除","Clean no user material"
"ノードを利用しているマテリアルのみ","Material Using Nodes Only"
"ノードツリーを置き換える","Replace Node Tree"
"対象に設定されたオブジェクトもコピー","Copy Targeted Objects"
"プロパティタブを切り替え","Switch Property Tab"
"画像が指定されていません","Image is not specified"
"ウェイトペイント頂点選択","Select weight painting vertex"
"アニメーションチャンネル","Animation Channel"
"3Dビューフライモーダル","3D view fly modal"
"3Dビューズームモーダル","3D views zoom modal"
"3Dビュードリーモーダル","3D Bewdley Modal"
"ファイルブラウザーメイン","File Browser Main"
"ファイルブラウザーボタン","File Browser Button"
"クリップグラフエディター","Clip Graph Editor"
"選択ボーンをミラーリング","Select Bones Mirroring"
"ボーン名を正規表現で置換","Replace bone names by regular expression"
"選択しているパーツを隠す","Hide Selected Parts"
"構造的に分離したパーツで","Isolated Parts"
"隠すオブジェクトのタイプ","Hide Object Type"
"残すオブジェクトのタイプ","Extract Object Type"
"最初に頂点グループ全削除","Delete all vertex groups first"
"頂点にメタボールをフック","Hook Metaballs"
"の真似をするアーマチュア"," Armature Imitate"
"すべての選択制限をクリア","Clear all selected limits"
"オプションの値が不正です","Option value is invalid"
"オブジェクトモードに入る","Enter Object Mode"
"剛体コンストレイント表示","Show RigidConstraints"
"頂点のみのメッシュを選択","Select only vertices of mesh"
"連番の付いたボーンを選択","Select Numbered Bone"
"対称のボーンへ選択を移動","Symmetrical bones move select"
"メッシュに視点をスナップ","Snap view to mesh"
"アーマチュアについて操作を行います","Manipulate Armature modifier"
"特定の名前のUVをまとめて削除","Delete specific UVs together"
"」のUV指定を修正しました","] target UV fixed"
"最後に使ったファイルを開く","Open Last Used File"
"ｳｨﾝﾄﾞｳﾏﾈｰｼﾞｬｰ","Window Manager"
"の画像が指定されていません","of image is not specified"
"データをまとめて処理","Manipulate Data Together"
"パイメニュー：エディター(スクリプト/データ)","Pie menu : Editor Type (Scripting/Data)"
"ビデオシーケンスエディター","Video Sequence Editor"
"空のマテリアルスロットを削除","Remove Empty Material Slots"
"オブジェクト名をデータ名に揃える","Change Object's Name to Data's Name"
"データ名をオブジェクト名に揃える","Change Data's Name to Object's Name"
"ユーザー設定のタブを切り替え","Switch User Preference Tab"
"検索対象のキーをクリア","Clear Target Key-Binding"
"キーマップの項目を全て閉じる","Close all Keymap Children"
"ナイフツールモーダルマップ","Knife Modal Map"
"ペイントストロークモーダル","Paint Stroke Modal"
"3Dビューウォークモーダル","3D view walk modal"
"カーブボーンをまとめて設定","Set Curve Bones"
"IKのチェーンの長さを設定","Set Chain Length of IK"
"選択モードと同じ要素を削除","Remove same element to selection mode"
"選択していないパーツを隠す","Hide Unselected Parts"
"クイック・シュリンクラップ","Quick Shrinkwrap"
"同タイプのオブジェクトのみ","Only objects of same type"
"アーマチュアの動きをリンク","Link motion of armature"
"ソフトボディの設定をリンク","Link Softbody Setting"
"最高描画タイプを設定します","Set maximum drawing type"
"ボーン名を頂点グループ名に","Bone name to vertex group name"
"選択物のレンダリングを制限","Limit Rendering Selected"
"選択物のレンダリングを許可","Allow Rendering Selected"
"剛体コンストレイントサイズ","RigidConstraints Size"
"コンストレイントの回転制限","Constraints Rotation Limit"
"頂点すら無いメッシュを選択","Select mesh even non vertex"
"視点位置に3Dカーソル移動","3D cursor to view"
"カーソル → メッシュ表面","Cursor => Mesh surface"
"視点と3Dカーソルを原点に","3D cursor with viewpoint at origin"
"プレビュー → レンダリング","Preview => Rendering"
"レンダリングに合わせる","Match to Rendering"
"レンダリング → プレビュー","Rendering => Preview"
"プレビューに合わせる","Match to Preview"
"配列複製とカーブを追加","Add Array and Curve"
"サブサーフ・アーマチュア・ブーリアン・カーブモディファイアに対して操作を行います","Manipulate Subsurf / Armature / Boolean / Curve Modifiers"
"画像名をファイル名に揃える","Match Image Name to File Name"
"ファイル名が元の名前と同じです","File name is same as the original one"
"アクティブな画像をぼかします (注意：時間がかかります)","Blur the active image (Caution：it takes some time)"
"アクティブな画像を複製します","Duplicate the active image"
"Blenderを再起動します","Restart Blender"
"リネームするデータにチェック","Check Rename Data"
"レンダリング画像のサイズ","Rendering Image's Size"
"アンチエイリアス サンプル数","Anti-aliasing Samples"
"UIの言語を切り替え (英語⇔日本語)","Switch UI Language (English/Japanese)"
"テクスチャスロットを全て削除","Remove All Texture Slots"
"テクスチャスロットを移動","Move Texture Slot"
"テクスチャスロットを最上部 / 最下部へ","Move Texture to Top / Bottom"
"テクスチャスロットを削除","Remove Active Texture Slot"
"ベースカラーとして画像を追加","Add Image as Base Color"
"外部の画像ファイルを使用","Use External Image File"
"テクスチャを画像エディターに表示","Show Texture in Image Editor"
"アクティブなスロットを他のマテリアルにコピー","Copy Active Slot to Other Material"
"使用されていないテクスチャスロットを削除","Remove Unused Texture Slots"
"3Dビュージェスチャサークル","3D Burgess Cha circle"
"IKのポールターゲットを設定","Set Pole Target of IK"
"ボーンを確認無しで削除します","Remove bones without confirm"
"メッシュ選択モードの切り替え","Switch mesh select mode"
"オブジェクト対話モードを設定","Set Object Modes"
"スムーズ/フラットを切り替え","Toggle Smooth/Flat"
"選択しているものを選択不可に","Selected to Unselectible"
"ウェイトコピー用オブジェクト","Object for weight copy"
"同じ名前のオブジェクトを選択","Select object same name"
"名前が対称のボーンを追加選択","Select add name symmetrical bone"
"シェーディングを切り替えます","Toggle Shading"
"選択部分を表示 (非ズーム)","Show Selected (non-zoom)"
"アクティブテクスチャスロット","Active Texture Slot"
"レンダリング時の細分化数を設定","Set number of subdivisions when rendering"
"サブディビジョンサーフェスについて操作を行います","Manipulate Subdivision Surface modifier"
"アクティブな画像を正規化します","Normalize  the active image"
"画像をぼかす (低速)","Blur image (Slow)"
"パネル表示切り替え：「両方」","Toggle Panel : 'BOTH'"
"パネル表示切り替え：「順番」","Toggle Panel : 'IN-TURN'"
"パネル表示切り替え：「片方」","Toggle Panel : 'ONE-SIDE'"
"ビューポートでの表示形式をまとめて設定","Set display method in viewport together"
"全てのバンプマップの品質を設定","Set all bump of quality"
"全ての画像をまとめて処理します","Manipulate all images together"
"使用されていないマテリアルを削除","Remove Unassigned Material"
"個の頂点グループを削除しました"," removed vertex groups"
"アクティブなタブが未定義の値です","Active tab is undefined value"
"バックグラウンドでレンダリング","Render from Command Line"
"トランスフォームモーダルマップ","Transform Modal Map"
"クリップドープシートエディター","Clip Deepseat Editor"
"両方を隠す","Both Hide"
"両方を表示","Both Show"
"サイドバーのみ","Only Sidebar"
"サイドバー","Sidebar"
"ツールバー","Toolbar"
"パネル切り替え","Panel Switch"
"ツールバーのみ","Only Toolbar"
"パイメニュー：サイドバー/ツールバー","Pie menu : Sidebar/Toolbar"
"パネルの表示を切り替えます","Toggle Panels' Display"
"反対位置にあるボーンをリネーム","Rename bone symmetry position"
"選択頂点の頂点カラーを塗り潰す","Paint out selected vertex color"
"ケージの表示のみオンにしました","On only cage view"
"ミラーモディファイアを切り替え","Toggle Mirror Modifiers"
"別オブジェクトに分離 (拡張)","Separate (Advance)"
"選択物 (分離側をアクティブ)","Selected (Activate Isolated-side)"
"選択部を複製/新オブジェクトに","Duplicate Selected parts and to new object"
"オブジェクトの表示設定を同じに","Make same objects display setting"
"割り当ての無い頂点グループ削除","Delete no-assignment vertex group"
"全頂点の平均ウェイトで塗り潰す","Fill average weight of all vertices"
"オブジェクト名を正規表現で置換","Replace object names by regular expression"
"ベベルオブジェクトを断面に移動","Bevel object move section"
"無い場合コンストレイントを追加","If not add constraints"
"ウェイトコピー用メッシュを作成","Create mesh for weight copy"
"ボーン名をクリップボードにコピー","Copy Bone Name to Clipboard"
"このボーングループのボーンを表示","Show bone in the bone group"
"モディファイアが1つもありません","There exists no modifiers"
"全てのモディファイア名を自動でリネーム","Auto-rename all modifiers' names"
"シェイプキー名をオブジェクト名に","Shape key name from object name"
"アクティブな画像が見つかりません","Active image not found"
"アクティブな画像のサイズを変更します","Resize the active image"
"「すべての辺を表示」をまとめて設定","Set 'All Edges' Property Together"
"アクティブマテリアルがありません","None Active Material"
"特定のデータをまとめて処理する機能群です","Functions to manipulate specific data together"
"「ブックマーク」のリストをテキストで表示","Display List of 'Bookmarks' as Text"
"レンダリングの「簡略化」設定を変更します","Change render's 'simpify' settings"
"エディター切り替え(ショートカット登録用)","Switch Editors (For Shortcut)"
"ショートカットに登録することで、簡単にエディターの切り替えを行うための機能です","Functions to switch editors that can be used easily by assigning shortcut"
"一番上のシェイプキーを選択します","Select the top shape key"
"一番下のシェイプキーを選択します","Select the bottom shape key"
"シェーダーノードで実行して下さい","Please run shader nodes"
"リジッドボディコンストレイントの設定をコピー","Copy Rigid Body Constraint Setting"
"リジッドボディコンストレイントのリミット設定を反転","Reverse Rigid Body Constraint's Limit Setting"
"プロパティエリアが見つかりません","Cannot find properties area"
"画像をUV/画像エディターに表示","Show image UV/Image editor"
"ボーン名置換「XXX_R => 右XXX」","Replace bone name \"XXX_R => 右XXX\""
"ボーン名置換「右XXX => XXX_R」","Replace bone name \"右XXX => XXX_R\""
"深度","Depth"
"開始","Start"
"終了","End"
"ベベル開始","Bevel Start"
"ベベル終端","Bevel End"
"有効","Enabled"
"無効","Disabled"
"ベベル","Bevel"
"変形:","Modification:"
"押し出し","Extrude"
"テーパー","Taper"
"テーパー:","Taper:"
"テーパーオブジェクト","Taper object"
"マッピング方法(開始)","Mapping Method(Start)"
"マッピング方法(終端)","Mapping Method(End)"
"ベベル:","Bevel:"
"ベベルオブジェクト","Bevel object"
"テーパーのカーブの解像度","Taper object's Resolution U"
"ベベルのカーブの解像度","Bevel object's Resolution U"
"全て無効化","Disable All"
"全て有効化","Enable All"
"端をフィル","Fill Caps"
"ベベル係数:","Bevel Factor:"
"オブジェクト:","Objects:"
"テーパーマッピング","Map Taper"
"不足シェイプをアクティブなオブジェクトに追加する","Add Missing Shapes to Active Object"
"ジオメトリ設定をコピー","Copy Geometry Settings"
"アクティブ以外を非選択に","Non-active to Non-select"
"全シェイプを無効化/有効化","Disable / Enable All Shapes"
"シェイプキーの値","Shape Key's Value"
"隠したものを表示 (非選択)","Show Hidden (non-select)"
"ベベルオブジェクトをアクティブに","Activate bevel object"
"画面の一番下までスクロールします","Scroll to bottom of screen"
"キーバインドのないキーの一覧を表示","Show List of Not-Binded Keys"
"関連付け (Windowsのみ)","File Associations (Windows Only)"
"エディトモードで実行してください","Please run in edit mode"
"メッシュの選択のパイメニューです","Mesh select pie menu"
"選択頂点を平均ウェイトで塗り潰す","Fill selected vertices average weight"
"グリースペンシルにメタボール配置","Metaballs to GreasePencil"
"オブジェクト名関係のメニューです","Object Name of Menu"
"IK回転制限をコンストレイント化","IK Rotation Limit to Constraints"
"メッシュに3Dカーソルをスナップ","3D Cursor Snap to Mesh"
"カーソル → 非表示 (遠くへ)","Hide Cursor (Move Far)"
"UV数が2つ以上で実行して下さい","After add 2 or more UVs, please run"
"3Dビュー関係のパイメニューです","This is pie menu of 3D view"
"現在のビューの逆側へ回りこみます","This reverses present view"
"グループで表示/非表示を切り替え","Toggle Show/Hide Groups"
"このボーングループのボーンのみ表示","Show only bone in the bones group"
"テーパーオブジェクトをアクティブに","Activate taper object"
"サブディビジョンサーフェスを削除","Delete Subdivision Surface"
"サブディビジョンサーフェスを追加","Add Subdivision Surface"
"メッシュオブジェクトではありません","This is not mesh object"
"アクティブオブジェクトがありません","There is no active object"
"キーフレームを削除 (確認しない)","Delete KeyFrames (without confirming)"
"全ての画像名をファイル名に揃える","Match ALL Image Names to File Names"
"アクティブな画像を90°回転します","Rotate the active image by 90 degrees"
"アクティブな画像をグレースケールに変換します","Convert the active image to grayscale"
"先に「名前をつけて保存」を実行して下さい","Do \"Save As\" beforehand"
"シェーディングのオン/オフをします","Oon/Off shading"
"レンダースロットを変更 (現在:スロット1)","Set RenderSlot (Now: slot 1)"
"レンダースロットを変更 (現在:スロット2)","Set RenderSlot (Now: slot 2)"
"レンダースロットを変更 (現在:スロット3)","Set RenderSlot (Now: slot 3)"
"レンダースロットを変更 (現在:スロット4)","Set RenderSlot (Now: slot 4)"
"レンダースロットを変更 (現在:スロット5)","Set RenderSlot (Now: slot 5)"
"レンダースロットを変更 (現在:スロット6)","Set RenderSlot (Now: slot 6)"
"レンダースロットを変更 (現在:スロット7)","Set RenderSlot (Now: slot 7)"
"レンダースロットを変更 (現在:スロット8)","Set RenderSlot (Now: slot 8)"
"パイメニュー：エディター(アニメーション)","Pie menu : Editor Type (Animation)"
"キーフレームを挿入","Insert Keyframes"
"全てのシェイプにキーフレームを挿入","Insert Keyframes for All Shapes"
"一定の間隔で各シェイプにキーフレームを挿入","Insert Keyframes for Each with Interval"
"一定の間隔でアクティブなシェイプにキーフレームを挿入","Insert Keyframe for Active with Interval"
"シェイプキーを統合","Merge Shape Keys"
"全てのキーをベースキーに統合","Merge All Keys into Basis"
"全てのキーを統合＋ベースキーと入れ替え","Merge All Keys and Switch with Basis"
"ベース以外の全てのキーを1つに統合","Merge All Non-Basis Keys into One"
"アクティブより上のキーを1つに統合","Merge Non-Basis Keys Above Active into One"
"リジッドボディコンストレイントのリミット設定を初期化","Reset Rigid Body Constraint's Limit Setting"
"空のテクスチャスロットを切り詰める","Cut empty texture slots"
"このテクスチャでテクスチャペイント","Texture paint by this texture"
"ショートカット一覧をブラウザに表示","Show Shortcut List in Browser"
"キーマップをXMLファイルからインポート","Import Keymap from XML File"
"キーマップをXMLファイルとしてエクスポート","Export Keymap as XML File"
"選択中のボーンのロールを設定します","Set selected bone rolls"
"プロポーショナル編集のモードを設定","Set proportional edit mode"
"表示状態と非表示状態を反転させます","Invert show or non-show state"
"特定の種類のオブジェクトのみを隠す","Hide only type of objects"
"特定の種類のオブジェクト以外を隠す","Hide except type of objects"
"厚み付けモディファイアで輪郭線生成","Create line drawing by solidify modifier"
"オブジェクトカラー有効 + 色設定","Enable object color + set color"
"オブジェクトカラー無効 + 色設定","Disable object color + set color"
"カーブからロープ状のメッシュを作成","Create rope-shaped mesh from curves"
"はカーブではありません、無視します"," is not curve, ignored"
"特殊な処理をする操作のメニューです","Special actions menu"
"ボーン名に関する機能のメニューです","Bone name operators menu"
"サイズで比較してオブジェクトを選択","Compare size and select objects"
"同じコンストレイントのボーンを選択","Select bone same constraints"
"2つの選択ボーンの経路を選択します","Select bones path"
"シェーディング切り替え(モードA)","Shading Switch (Mode A)"
"アクティブなボーンの接尾辞の左右を反転します","Flip the axis suffix of the active bone's name"
"接尾辞の反転に失敗しました","Flipping the suffix failed"
"全てのモディファイアをビューで表示しました","Show all modifiers in viewport"
"はメッシュオブジェクトではありません"," is not mesh object"
"選択されたオブジェクトの頂点カラーをまとめて操作します","Manipulate selected objects' vertex colors together"
"アクティブな画像を180°回転します","Rotate the active image by 180 degrees"
"アクティブな画像を270°回転します","Rotate the active image by 270 degrees"
"ファイルのダウンロードに失敗しました","Failed to download file"
"アクティブな画像を小さくして並べます","Shrink and lay out the active image"
"設定を指定してノイズ画像を作成し、新規画像として追加します","Create a noise image with specified settings and add it as new image"
"アクティブな画像の枠のサイズを変更します","Change size of the active image's frame"
"全てのマテリアルをまとめて処理します","Manipulate all materials together"
"全てのテクスチャをまとめて処理します","Manipulate all textures together"
"アクティブなシェイプキーを複製します","Duplicate active shape key"
"左右を反転した名前のグループを追加","Add Group with Left-Right-Flipped name"
"メッシュオブジェクトで実行して下さい","Try run on mesh object"
"特定の名前の頂点グループを削除","Remove Groups with Specific Name"
"頂点グループの反転したコピーを追加","Add Mirrored Vertex Group"
"ウェイトがゼロの頂点を全グループから除去","Remove Zero-Weight Vertices from All Groups"
"ウェイトが小さい頂点を除去","Remove Low-Weight Vertices"
"頂点/頂点グループ削除","Remove Vertex/Group"
"直前のコマンドにキーバインドを設定","Assign Key-Binding to Last Command"
"グリースペンシルストローク編集モード","Grease Pencil Stroke Edit Mode"
"ボーンをそのまま3Dカーソルの位置へ","Move bone to 3D cursor intact"
"オブジェクト名とデータ名を同じにする","Sync object name and data name"
"モディファイア適用してペアレント作成","Applied Modifiers and Create Parent"
"オブジェクトが重なっている部分を塗る","Paint objects overlap"
"対のボーンにコンストレイントをコピー","Copy constraints to mirror bone"
"剛体コンストレイントをシェイプに追尾","Track shape rigid body constraints"
"3Dカーソルを非表示に(遥か遠くに)","Hide 3D Cursor (move far)"
"アクティブなテクスチャスロットを塗る","Paint Active Texture Slot"
"全てのモディファイアのビューでの表示・非表示を切り替える","Toggle show/hide of all modifiers in viewport"
"全ての物理演算の開始/終了をレンダリングに揃える","Match All Physics' Start/End to Rendering's ones"
"「最近使用したファイル」のリストをテキストで表示","Display List of 'Open Recent' as Text"
"テクスチャ名を画像ファイル名に揃える","Match Texture Name to Image File Name"
"テクスチャスロットを操作","Manipulate Texture Slots"
"「追加項目のオン/オフ」の表示を切り替え","Toggle Display of 'On/Off Additional Items'"
"頂点グループがある頂点位置にボーン作成","Create bone to vertices of vertex groups"
"同じマテリアル構造のオブジェクトを選択","Select objects of same material structure"
"メッシュに視点と3Dカーソルをスナップ","Snap mesh view and 3D cursor"
"全てのモディファイアの展開/閉じるを切り替える","Toggle expand/close of all modifiers"
"ビューとレンダリングで表示を一致させる","Match display states in viewport and rendering"
"マテリアルのカラーランプ設定を他にコピー","Copy material color ramp settings"
"全てのマテリアルのディフューズ色を設定","Set All Materials' Diffuse Colors"
"全てのテクスチャ名を画像ファイル名に揃える","Match All Texture Names to Image File Names"
"同名のシェイプキーをドライバーでリンク","Link Shape Keys with Same Name by Driver"
"リジッドボディワールドの開始/終了をレンダリングに揃える","Match Rigid Body World's Start/End to Rendering's ones"
"展開しているキーバインドを別のカテゴリへ移動","Move Expanded Key Binding to Other Categories"
"同じサブサーフレベルのオブジェクトを選択","Select same subsurf level object"
"プレビューとレンダリングの細分化数を揃える","Match number of subdivisions in viewport and rendering"
"「体積を維持」を設定","Set 'Preserve Volume' property"
"スムーズ","Smooth"
"境界固定","Bounds Clamp"
"シェイプ","Shape"
"解像度:","Resolution:"
"フィル:","Fill:"
"ツイスト:","Twisting:"
"フィルモード","Fill Mode"
"ツイスト方式","Twist Mode"
"カーブタイプ(2D/3D))","Curve type (2D/3D)"
"プレビューU","Preview U"
"レンダリングU","Render U"
"変形後にフィル","Fill Deformed"
"IK設定をリセット","Reset IK Settings"
"複数見つかりました","Found more than one"
"ベベル親をアクティブに","Activate Bevel-parent"
"パス/カーブ変形のオプション:","Options for Path/Curve-Deform:"
"テーパー親をアクティブに","Activate Taper-parent"
"シェイプ設定をコピー","Copy Shape Settings"
"フォースフィールド設定をコピー","Copy Force Field Setting"
"ダイナミックペイント設定をコピー","Copy Dynamic Paint Setting"
"全てのIK設定を初期化します","Reset all of IK settings"
"クイック・チャイルドコンストレイント","Quick Child Constraints"
"プロパティのタブを順番に切り替えます","Switch property tab in turn"
"ボーンを二つ選択して実行してください","Select two bones and try again"
"メッシュ編集に関するパイメニューです","This mesh edit pie"
"選択状態の頂点のみを隠して固定します","Hide and Fix Selected vertices"
"オブジェクトの変形情報をリンクします","Link object transforms"
"オブジェクトの対話モードを設定します","Set interactive mode of object"
"アクティブなオブジェクトがありません","There is no active object"
"オブジェクトカラー関係のメニューです","Object color operators menu"
"特殊な処理に関する機能のメニューです","Special manage menu"
"面が1つ以上あるメッシュを選択します","Select mesh more than one face"
"サイドバーやツールバーの表示を切り替えます","Toggle sidebar and toolbar's display states"
"ボーン名をクリップボードにコピーします","Copy the active bone's name to Clipboard"
"軸を選び、その軸のIK設定を他の軸にコピーします","Choose an axis and copy its IK settings to other axes"
"ボーン名置換「XXX_R => XXX.R」","Replace Bone Names \"XXX_R => XXX.R\""
"ボーン名置換「XXX.R => XXX_R」","Replace Bone Names \"XXX.R => XXX_R\""
"ベベルとして使っているカーブをアクティブに","Activate Bevel-parent of this curve"
"データ名をオブジェクト名にまとめて揃える","Match All Data Names to Objects' Names"
"全てのマテリアルの「半透明影の受信」をオン","On all material \"Receive Transparent\""
"UV指定が空欄な場合アクティブUVで埋める","Fill active UV if blanks"
"中点","Median Point"
"位置 X","Loc X"
"位置 Y","Loc Y"
"位置 Z","Loc Z"
"回転 X","Rot X"
"回転 Y","Rot Y"
"回転 Z","Rot Z"
"スケール X","Scale X "
"スケール Y","Scale Y "
"スケール Z","Scale Z "
"回転 W","Rot W"
"4要素の回転","Four component rotations"
"回転を継承","Inherit Rotation"
"ローカル位置","Local Location"
"回転をロック","Lock Rotation"
"スケールを継承","Inherit Scale"
"ボーングループ","Bone Group"
"相対ペアレント","Relative Parenting"
"関係設定をコピー","Copy Relations Settings"
"UVを島ごとにリサイズ","Resize UV Islands"
"ソフトボディの設定をコピー","Copy Soft Body Setting"
"バウンディングボックスの中心","Bounding Box Center"
"トランスフォームのロック設定をコピー","Copy Transform Locks Settings"
"この画像には外部ファイルが存在しません","External file does not exist for this image"
"アクティブな画像を水平方向に反転します","Flip the active image horizontally"
"アクティブな画像を垂直方向に反転します","Flip the active image vertically"
"2Dカーソルを指定の位置に移動させます","Move 2D cursor to a designated position"
"最新の自動保存ファイルを読み込みました","Loaded last auto-save file"
"全てのオブジェクトをまとめて処理します","Manipulate all objects together"
"このエリアのエディタータイプを切り替えます","Switch editor types of this area"
"「トップバー」では使用できません。(ショートカットを使って)他のエリアで使用してください","Cannot use in 'Topbar'. Please use in other areas (by using shortcut)"
"長さ","Length"
"元を親に","Source Parent"
"ボーンを延長","Extend Bone"
"クイック・チャイルド","Quick child"
"第二選択ボーンを親として、アクティブなボーンにチャイルドコンストレイントを追加します","Add child constraint to the active bone setting the selected bone as parent"
"第二選択ボーンが終端になるように、アクティブなボーンのIKのチェーン数を設定します","Set chain length of the active bone's IK so that the chain's end is the selected bone"
"上手くチェーン数を取得出来ませんでした","Could not get chain well"
"第二選択ボーンをアクティブなボーンのIKのポールターゲットに設定します","Set the selected bone as Pole Target of the active bone's IK"
"IKのポール角度を設定","Set Pole Angle of IK"
"選択したボーンの位置がレスト位置と同じになるように、IKのポール角度を設定します","Set pole angle of the selected bone so that its location is equal to the rest position's one"
"個別処理","Individual processing"
"アクティブなボーン名に左右を示す接尾辞を追加します","Add an axis suffix to the active bone's name"
"アクティブなボーンのIK設定を、他の選択ボーンにコピーします","Copy active bone's IK settings to other selected bones"
"軸を選び、その軸におけるIK制限の最小角と最大角を反転させます","Choose axes and reverse their minimum and maximum angles for IK Limit"
"アクティブなボーンの関係設定を、他の選択ボーンにコピーします","Copy axtive bone's relations settings to other selected bones"
"アクティブなボーンの位置・回転・スケールを、他の選択ボーンにコピーします","Copy active bone's location / rotation / scale to other selected bones"
"アクティブなボーンの位置・回転・スケールのロック設定を、他の選択ボーンにコピーします","Copy active bone's lock of location / rotation / scale to other selected bones"
"アクティブなボーングループのボーンのみを表示、もしくはそれらのボーンのみを隠します","Show or hide ONLY the bones in the active Bone Group"
"アクティブなボーングループのボーンを表示、もしくは隠します","Show or hide the bones in the active Bone Group"
"アクティブなカーブオブジェクトのジオメトリの設定を、他の選択カーブにコピーします","Copy active curve's geometry settings to other selected curves"
"テーパーオブジェクトに設定されているカーブをアクティブにします","Activate the taper object of this curve"
"ベベルオブジェクトに設定されているカーブをアクティブにします","Activate the bevel object of this curve"
"テーパーとして使っているカーブをアクティブに","Activate Taper-parent of this curve"
"このカーブをテーパーオブジェクトとして使っているカーブをアクティブにします","Activate the curve that uses this curve as Taper Object"
"このカーブをベベルオブジェクトとして使っているカーブをアクティブにします","Activate the curve that uses this curve as Bevel Object"
"選択された各オブジェクトにおいて、全てのモディファイアを適用します","Apply all the selected objects' modifiers"
"選択された各オブジェクトにおいて、全てのモディファイアを削除します","Remove all the selected objects' modifiers"
"選択された各オブジェクトにおいて、全てのモディファイアのビューでの表示状態を切り替えます","Toggle display states in viewport of all the selected objects' modifiers"
"全てのモディファイアをビューで非表示にしました","Hide all modifiers in viewport"
"選択された各オブジェクトの全てのモディファイアにおいて、ビューとレンダリングにおける表示状態をどちらかの状態に一致させます","Match display states in viewport of all the selected objects' modifiers to the states during rendering, or vice verse"
"アクティブなオブジェクトにおいて、全てのモディファイアのパネル展開状態を切り替えます","Toggle all modifier panels' expansion-states of the active object"
"選択された各オブジェクトにおいて全てのモディファイアを適用し、アクティブなオブジェクトに統合します","Apply all the selected objects' modifiers, and join them into the active object"
"選択された各オブジェクトにおいて、全てのモディファイア名をモディファイアの参照先オブジェクト名にリネームします","Set the names of all the selected objects' modifiers to the names of their target objects"
"アクティブオブジェクトに対し、他の選択オブジェクトそれぞれを対象にしたブーリアンモディファイアを追加します","Add to the active object Boolean modifiers that refer to each of the other selected objects"
"アクティブオブジェクトに対し、他の選択オブジェクトそれぞれを対象にしたブーリアンモディファイアを追加し、適用します","Add and apply to the active object Boolean modifiers that refer to each of the other selected objects"
"選択された各オブジェクトにおいて、サブディビジョンサーフェスモディファイアのレンダリング時の細分化数を設定します","Set 'number of subdivisions when rendering' property of the selected objects' Subdivision Surface modifiers"
"選択された各オブジェクトにおいて、サブディビジョンサーフェスモディファイアの細分化数をプレビュー時とレンダリング時のどちらかの状態に一致させます","Match number of subdivisions in viewport to that during rendering, or vice verse, in each selected objects"
"選択された各オブジェクトにおいて、サブディビジョンサーフェスモディファイアの最適化表示を設定します","Set 'Optimal Display' property of the selected objects' Subdivision Surface modifiers"
"選択された各オブジェクトにサブディビジョンサーフェスモディファイアを追加します","Add Subdivision Surface modifiers to the selected objects"
"選択された各オブジェクトにおいて、サブディビジョンサーフェスモディファイアを削除します","Remove Subdivision Surface modifiers from the selected objects"
"選択された各オブジェクトにおいて、アーマチュアモディファイアの「体積を維持」を設定します","Set 'Preserve Volume' property of the selected objects' Armature modifiers"
"アクティブなオブジェクトに対し、選択されたカーブオブジェクトを対象にしたカーブモディファイアを追加します","Add to the active object Curve modifier that refers to the selected curve object"
"メッシュオブジェクトがアクティブな状態で実行して下さい","Please run when mesh object is active"
"メッシュとカーブのちょうど2つのオブジェクトを選択した状態で実行して下さい","Please run when selecting exactly two objects; mesh and curve"
"カーブオブジェクトを選択した状態で実行して下さい","Please run selecting curve object"
"アクティブなオブジェクトに対して配列複製モディファイアを追加し、さらに選択されたカーブオブジェクトを対象にしたカーブモディファイアを追加します","Add to the active object Array modifier and Curve modifier that refers to the selected curve object"
"アクティブなカーブのシェイプ設定を、他の選択カーブにコピーします","Copy active curve's shape settings to other selected curves"
"シェイプキーの名前をオブジェクト名と同じにします","Same as object name name of shape key"
"全てのボーンレイヤーを表示します","Show all bone layers"
"選択されたボーングループを含むレイヤーを表示します","Show layers containing the selected pose group"
"選択された各オブジェクトにおいて、特定の名前のUVを指定した名前に変更します","Rename the selected objects' UV Maps with specific name to the designated one"
" はメッシュオブジェクトでないため無視します"," is ignored because it is not mesh"
"選択された各オブジェクトにおいて、特定の名前のUVを削除します","Remove the selected objects' UV Maps with specific name"
"アクティブなUVの名前を変更します(テクスチャのUV指定もそれに伴って変更します)","Renames active UV (UV texture also changes accordingly)"
"アクティブなオブジェクトのマテリアルで未使用なUVを全削除します(他の部分に使われているUVは消してしまいます)","Active object material (UV is used in other parts disappear) delete unused UV coordinates to all"
"アクティブなオブジェクトのUVのうち、選択されていないものを削除します","Remove Unselected UV Maps of the active object"
"アクティブなUVを上下に移動します","Move up or down the active UV Map"
"アクティブな頂点カラーレイヤーを上下に移動します","Move up or down the active vertex color layer"
"これはメッシュオブジェクトではありません","This is not mesh object"
"アクティブな頂点カラーレイヤーを指定色で塗り潰します","Fill the active vertex color layer with the specified color"
"選択された各オブジェクトにおいて、色と名前を指定して頂点カラーを追加します","Add vertex colors with specified color and name to the selected objects"
"確認用のメーセージを表示せずに、選択した全てのキーフレームを削除します","Remove all selected keyframes without displaying the confirmation message"
"表示状態の各オブジェクトのアクションにおいて、値が重複したキーフレームを削除します","Remove Value-overlapping keyframes of the displayed objects' actions"
"はFカーブモディファイアを持つため無視します","is ignored because it has f-curve modifiers"
"アクティブな画像の名前を、リンク先の画像ファイルの名前に変更します","Change the active image's name to its linked file's name"
"全ての画像の名前を、リンク先の画像ファイルの名前に変更します","Change all images' names to their linked files' names"
"全ての画像をリンク先のファイルから再度読み込みます","Reload all images from their linked files"
"アクティブな画像を指定した色の単色画像に変換します","Convert the active image to one-color image of specified color"
"アクティブな画像を指定した色で塗り潰します","Fill the active image with specified color"
"アクティブな画像の透明部分を指定色で塗り潰します","Fill the active image's transparent parts with specified color"
"リンク先の画像ファイル名を変更","Rename linked Image File"
"アクティブな画像がリンクされている画像ファイルの名前を変更します","Rename the image file linked to the active image"
"ユーザー設定で設定された画像エディターでアクティブな画像を編集します","Edit the active image with image editors referenced at User Preference"
"アクティブな画像をPNGファイルなどの外部の画像ファイルとして保存してください","Please save the image as an external file such as ~.png"
"WEBからUVグリッド画像をダウンロードし、新規画像として追加します","Download an UV grid image from WEB and add it as new image"
"アクティブな画像をぼかします","Blur the active image"
"シームが設定された辺に含まれ、UV展開時に分離された頂点を全て選択します","Select all vertices linked to seam edges and separated when unwrapping"
"選択された頂点とメッシュ上の同じ部分を参照する別の頂点を選択します","Select other vertices referencing the same part of the mesh as the selected ones do"
"アクティブなUVを平面メッシュオブジェクトに変換します","Convert the active UV to a plane mesh object"
"中点を中心にしてUVを島ごとにリサイズします","Resize UV island using their median points as scaling pivots"
"サイドバー/ツールバーの両方を表示 ⇔ 両方を隠す","Show BOTH of Sidebar and Toolbar <=> Hide BOTH of them"
"両方を隠す → ツールバーのみ表示 → サイドバーのみ表示 → 両方を表示","Hide BOTH of sidebar and toolbar => Show ONLY toolbar => Show ONLY sidebar => Show BOTH"
"両方を隠す → ツールバーのみ表示 → サイドバーのみ表示","Hide BOTH of sidebar and toolbar => Show ONLY toolbar  => Show ONLY sidebar"
"ショートカットに登録すると便利かもしれない機能群です","Registering shortcut feature that might come in handy"
"ショートカットに登録することで、簡単に表示の切り替えなどを行うための機能です","Functions to toggle display states or so that can be used easily by assigning shortcut"
"復元するために最新の「自動的に保存したファイル」を開きます","Open the LAST 'automatically saved file' to restore it"
"確認メッセージを表示せずに上書き保存します","Save file without displaying the confirmation message"
"「最近使用したファイル」の一番上のファイルを開きます","Open the file at the top of 'Open Recent'"
"指定したタイプのデータをまとめてリネームします","Rename all of the designated type's data"
"全てのオブジェクトにおいて、「すべての辺を表示」を設定します","Set 'All Edges' property of all objects"
"指定したタイプの全てのオブジェクトについて、ビューポートでの表示設定をまとめて設定します","Set display method in viewport together for all of the designated type's objects"
"全てのオブジェクトのリンクされたデータを、それぞれのオブジェクト名に一致させます","Change all objects' linked data names to their objects' names"
"全てのマテリアルの「半透明影を受信するかどうか」についての設定をオン(オフ)にします","You to receive semi-transparent shadow? \"about whether all material (off) on the\""
"アクティブなマテリアルのカラーランプ設定を他の全マテリアル(選択オブジェクトのみも可)にコピーします","Color ramp settings of active material is all material other (only selected objects are allowed) to copy"
"FreeStyleのラインカラーを他の全マテリアルにコピー","Copy FreeStyle Line Color to All Other Materials"
"アクティブなマテリアルのFreeStyleのラインカラーを、他の全てのマテリアルにコピーします","Copy the active material's FreeStyle line color to all other materials"
"全てのFreeStyleのラインカラーをディフューズ色に揃える","Match All FreeStyle Line Colors to Diffuse Colors"
"全てのマテリアルのFreeStyleのラインカラーを、ビューポートでのディフューズ色に一致させます","Change all materials' FreeStyle line colors to their diffuse colors in viewport"
"全てのマテリアルのビューポートでのディフューズ色を設定します","Set all materials' diffuse colors in viewport"
"全てのテクスチャのバンプマップの品質を一括で設定します","Bump-map texture of all quality sets in bulk"
"全てのテクスチャの名前を、リンク先の画像ファイルの名前に変更します","Change all textures' names to their linked image files' names"
"テクスチャのUV指定欄が空欄の場合、リンクしているメッシュオブジェクトのアクティブなUV名で埋めます","Under active UV texture UV specified fields is linked to an empty mesh object fills"
"全ての物理演算の開始/終了フレームを、レンダリングの開始/終了フレームに一致させます","Change all physics' start / end frames to the rendering's start / end frames"
"物理演算をまとめて処理します","Manipulate all physics together"
"全ての画像ファイルをtexturesフォルダに保存する","Save All Image Files in 'textures' Folder"
"既存の「textures」フォルダを選ぶ、あるいは新規に作成し、参照されている全ての画像ファイルをその中に保存します","Select the existed 'textures' folder or create it, and save all the referenced image files in it"
"画像ファイルをtexturesフォルダ内に保存しました","Saved image files in 'textures' folder"
"texturesフォルダ内の未使用の画像ファイルを隔離する","Isolate Unused Image Files in 'textures' Folder"
"既存の「textures」フォルダの中に「backup」フォルダを作成し、「textures」フォルダ内の未使用の画像ファイルをその中に移動させます","Crate 'backup' folder in the existed 'textures' folder, and move unused image files in the 'textures' folder into it"
"「最近使用したファイル」のリストをBlenderのテキストエディターに表示します","Display the list of recently-opened files in Blender's text editor"
"ファイルブラウザのブックマークのリストをBlenderのテキストエディターに表示します","Display the list of bookmarked files at file browser in Blender's text editor"
"四角ポリゴンのみで構成された球体メッシュを作成します","Add a sphere mesh composed of only quadrilateral polygons"
"1頂点のみで構成されたメッシュを3Dカーソルの位置に作成します","Add a mesh composed of only one vertex at the 3D cursor's location"
"アクティブなメッシュの、頂点グループごとに分割されたコピーを作成します","Add the active mesh's copy separated into parts based on its vertex groups"
"設定解像度に対するレンダリング結果の大きさをパーセンテージで設定します","Set rendering's size as a percentage of the resolution settings"
"レンダリング結果を保存するスロットを設定します","Sets slot to save rendering results"
"レンダリングに使用するCPUのスレッド数を切り替えます","Toggles thread number of CPUS used to render"
"ビューポートの細分化数を基準にして設定","Set Subdivisions Based on Number in Viewport"
"全てのサブサーフのレンダリング時の細分化数を、ビューポートでの細分化数を基準にして設定します","Set the number of subdivisions when rendering based on the number in viewport"
"レンダリングスロットを変更します","Change the render slot"
"全てのサブサーフのレンダリング時の細分化数をまとめて設定します","Set all subsurfs' numbers of subdivisions when rendering together"
"このエリアのエディタータイプをアニメーション関係のエディターに切り替えます","Switch editor types of this area to animation-related editors "
"このエリアのエディタータイプをスクリプトやデータ関係のエディターに切り替えます","Switch editor types of this area to scripting/data-related editors"
"インターフェイスの表示言語を、英語と日本語で切り替えます","Switch interface language between English and Japanese"
"選択された各オブジェクトにおいて、そのオブジェクトのどの面にも割り当てられてないマテリアルを全て削除します","For each selected objects, remove all materials that has not assigned to any faces of the objects"
"アクティブなオブジェクトのマテリアルスロットを全て削除します","Remove all material slots of the active object"
"マテリアルが割り当てられていないマテリアルスロットを全て削除します","Remove all material slots that any material has not been assigned to"
"Eevee：「裏面の非表示」を有効にします。 / Cycles：メッシュの裏側が透明になるようにシェーダーノードを追加します","Eevee: Enable 'backface culling' / Cycles: Add shader nodes to make the back side of mesh transparent"
"アクティブなマテリアルスロットを一番上に移動させます","Move active material slot to the top of list"
"アクティブなマテリアルスロットを一番下に移動させます","Move active material slot to the bottom of list"
"それぞれのシェイプキーに対してまとめてキーフレームを挿入する機能です","Functions to insert keyframes for each shape keys together"
"現在のフレームにおいて、それぞれのシェイプの値にキーフレームを挿入します","Insert keyframe for all shapes' values on the current frame"
"それぞれのシェイプキーについて、指定した間隔で0と正の値のキーフレームを挿入します","Insert zero-and-positive-value keyframes for each shape keys with designated interval"
"アクティブなシェイプキーに対して、指定した間隔で0と正の値のキーフレームを挿入します","Insert zero-and-positive-value keyframes for active shape key with designated interval"
"複数のシェイプキーを1つに統合する機能です","Functions to merge some shape keys into one key"
"全てのシェイプキーを統合し、メッシュの基本の形状を現在のシェイプに変更します","Merge all shape keys and make the current shape as the mesh's basis shape"
"全てのシェイプキーを統合したものをベースキーとし、元のベースキーを新しいシェイプキーに設定します","Merge all shape keys into a new basis key and set the original basis key as a new shape key"
"ベースキー以外の全てのシェイプキーを統合し、新しいシェイプキーを作成します","Merge all non-basis shape keys into a new key"
"アクティブなシェイプキーよりも上に位置するベースキー以外のシェイプキーを統合し、新しいシェイプキーを作成します","Merge non-basis shape keys above the active key into a new one"
"選択された各オブジェクトのシェイプキーにドライバーを追加し、アクティブなオブジェクトが持つ同名のシェイプキーの値に追随させます","Add drivers to selected objects' shape keys, and make them follow the active object's shape keys with same name"
"全てのシェイプキーを無効化、もしくは有効化します","Enable or disable all shape keys"
"グループ内の全ての頂点のウェイトが0である頂点グループを削除します","Remove vertex groups in which all vertices' assigned weights are zero"
"左右を示す接尾辞を持つ各頂点グループについて、接尾辞を反転した名前の空の頂点グループを追加します","For each vertex group with left-right suffixes, add an empty group with the flipped suffix"
"一番上の頂点グループを選択します","Select the top vertex groups"
"一番下の頂点グループを選択します","Select the bottom vertex groups"
"アクティブな頂点グループを一番上へ移動させます","Move the active vertex groups to top"
"アクティブな頂点グループを一番下へ移動させます","Move the active vertex groups to bottom"
"指定した文字列が名前に含まれている頂点グループを全て削除します","Remove all vertex groups that contain a designated text"
"アクティブな頂点グループの頂点のみが選択された状態にします","Select vertices in the active group only"
"アクティブな頂点グループについて、ウェイトおよび名前を反転したコピーを追加します","For the active vertex group, add its copy with flipped weight and name"
"アクティブな頂点グループにおいて、ウェイトが指定値より小さい頂点を除去します","Remove vertices which weights are below a limit from the active vertex group"
"ウェイトがこの下限値以下の頂点を削除します","Remove vertices which weight is below or equal this limit"
"特定の頂点や頂点グループの削除を行う機能です","Functions to remove specific vertices or vertex groups"
"ノードツリーを他のマテリアルにコピー","Copy Node Tree to Other Materials"
"アクティブなマテリアルの全てのノードを他のマテリアルにコピーします","Copy all of active material's nodes to other material"
"オブジェクト名をデータ名と同じものに変更します","Change the object's name to the same as its data's name"
"データ名をオブジェクト名と同じ名前に変更します","Change the data's name to the same as its object's name"
"アクティブなオブジェクトの名前をクリップボードにコピーします","Copy the active object's name to Clipboard"
"アクティブなオブジェクトのデータ名をクリップボードにコピーします","Copy the data's name of active object's to Clipboard"
"アクティブなオブジェクトの表示設定を他の選択オブジェクトにコピーします","Copy active object's display settings to other selected objects"
"アクティブなオブジェクトのクロスシミュレーションの設定を、他の選択オブジェクトにコピーします","Copy active object's Cloth simulation settings to other selected objects"
"アクティブなオブジェクトのダイナミックペイント設定を、他の選択オブジェクトにコピーします","Copy active object's Dynamic paint settings to other selected objects"
"アクティブなオブジェクトのフォースフィールド設定を、他の選択オブジェクトにコピーします","Copy active object's Force Field settings to  other selected objects"
"アクティブなオブジェクトのリジッドボディの設定を、他の選択オブジェクトにコピーします","Copy active object's Rigid Body settings to other selected objects"
"アクティブなオブジェクトのリジッドボディコンストレイントの設定を、他の選択オブジェクトにコピーします","Copy active object's Rigid Body Constraint settings to other selected objects"
"アクティブなオブジェクトのリジッドボディコンストレイントの、リミットの設定を初期化します","Initialize 'Limits' settings of the active object's rigid body constraint"
"アクティブなオブジェクトのリジッドボディコンストレイントの、リミットの設定における最小と最大の値を反転させます","Reverse Minimum abd Maximum values in the 'Limits' settings of the active object's rigid body constraint"
"アクティブオブジェクトのソフトボディの設定を、他の選択オブジェクトにコピーします","Copy active object's Soft Body settings to other selected objects"
"ベイクに使うための新規画像を作成します","Create a new image to use for bake"
"コマンドラインから現在のblendファイルのレンダリングを行います","Render the current blend file from command line"
"同じ設定を使い、リジッドボディワールドを作り直します","Re-create rigid body world with same settings"
"リジッドボディワールドの開始/終了フレームを、レンダリングの開始/終了フレームに一致させます","Change rigid body world's start / end frames to the rendering's start / end frames"
"アクティブなテクスチャの名前を使用している外部画像のファイル名にします","file name of external images using name of active texture"
"画像/動画テクスチャで実行してください","Try image / video textures"
"全てのテクスチャスロットを削除します","Remove all texture slots"
"アクティブなテクスチャスロットを上下に移動します","Move up or down active texture slot"
"アクティブなテクスチャスロットを一番上、もしくは一番下へ移動させます","Move active texture slot to top or bottom"
"アクティブなテクスチャスロットを削除します","Remove active texture slot"
"ベースカラーとして画像をテクスチャスロットに追加します","Add an image as base color in texture paint slots"
"外部の画像ファイルをベースカラーとしてテクスチャスロットに追加します","Add an external image file as base color in texture paint slots"
"プリンシプルBSDFシェーダーがありません","There exists no Principled BSDF shader"
"アクティブなスロットの画像を、アクティブなオブジェクトの他のマテリアルにコピーします","Copy active slot's image to active object's other material"
"コピー元とコピー対象が同じマテリアルです","Cannot copy to the same material"
"アクティブなテクスチャスロットより下のスロットを全て削除します","Remove all texture slots below active one"
"他のシェーダーとのリンクを持たない画像のスロットを削除します","Removes slots which  images have no links with other shader"
"アクティブなスロットのテクスチャの名前を、リンク先の画像ファイルの名前に変更します","Change the name of active slot's texture to its linked image file's name"
"テクスチャが割り当てられていない空のテクスチャスロットを埋め、切り詰めます","No texture is assigned an empty texture slots will be filled, truncated"
"画像エディターに表示","Show in Image Editor"
"アクティブなスロットの画像を、画像エディターに表示します","Show the active slot's image in image editor"
"テクスチャスロットを操作する機能群です","Functions to manipulate texture slots"
"アクティブなテクスチャでテクスチャペイントを行います","Active texture provides texture paint"
"メッシュのアクティブなUVを、このスロットで使います","Active UV mesh used in this slot"
"ユーザー設定で設定されたテキストエディターで現在のテキストを開きます","Open current text in text editors referenced at User Preference"
"ユーザー設定のタブを順番に切り替えます","Switch user settings tab in turn"
"指定したキーをキーバインドに含むキーマップを表示します","Show keymaps which key bindings contain the designated key"
"検索するキーが空です","Target key is empty"
"キーマップ検索の対象を未指定に戻します","Set empty value as target key-binding for filtering"
"キーマップの項目を全て閉じます","Close all kyemap Children"
"ショートカット確認用のページをブラウザに表示します","Show the page to check assigned shortcuts in browser"
"最後に実行したコマンドに指定したキーバインドを設定します","Assign a designated key binding to the lastly executed command"
"ショートカットを登録しました","Register the shortcut"
"最後に実行したコマンドが見つかりません","Lastly executed command cannot be found"
"コマンド文字列の取得に失敗しました","Failed to extract command strings"
"指定したコマンドのグループにおいてキーバインドが設定されていないキーの一覧を表示します","Show a list of keys which are not assigned to any commands in the designated group"
"キーバインドをXMLファイルから読み込みます","Import key bindings from XML file"
"XMLファイルの読み込みに失敗しました","Failed to load XML file"
"このXMLファイルはキーコンフィグ設定用のものではありません","This XML file is not for Key Config"
"バージョン1.2のXMLファイル以外には対応していません","Only XML files of Version 1.2 can be accepted"
"XMLファイルのバージョンを確認できませんでした","Failed to check version of XML file"
"キーバインドをXMLファイルとして保存します","Export kye bindings as XML file"
"展開しているキーバインドを、他のカテゴリに移動します","Move the expanded key binding to other categories"
"1つの要素のみを展開した状態で実行してください","Please execute when just one element is expanded"
"Scramble Addonを更新","Update Scramble Addon"
"Scramble Addonをダウンロードし、更新します","Download 'Scramble Addon' and update to it"
"アドオンを更新しました、Blenderを再起動して下さい","Update completed. Please restart Blender"
"アドオンで追加されたメニューの末尾にある、「追加項目のオン/オフ」ボタンの表示/非表示を切り替えます","Show or hide 'turn on/off additional items' buttons displayed at end of menus added by the add-on"
"キーバインドを操作する機能群です","Functions to manipulate key bindings"
"クリップボードのコマンドにキーバインドを設定","Assign Key-Binding to Command in Clipboard"
"Scramble Addonを操作する機能群です","Functions to manipulate scramble Addon"
"blendファイルを現在のバージョンに関連付け","Associate blend File to Current Version"
"blendファイルを現在のバージョンのBlenderで開くように設定します","Associate blend files to the current version of Blender"
"目標のファイルは現在のバージョンに関連付けされました","Target files have been associated to the current version"
"バックアップを現在のバージョンに関連付ける","Associate Backup File to Current Version"
"blend1などのバックアップファイルを現在のバージョンのBlenderで開くように設定します","Associate backup files such as blend1 to the current version of Blender"
"バックアップファイルをこの実行ファイルに関連付けました","executable file associated with backup file"
"選択中のボーンを任意の軸でミラーリングします","Mirrored at any axes selected bone"
"アーマチュアオブジェクトではありません","Not an armature object"
"アクティブボーンの名前をクリップボードにコピーします","Copies Clipboard name of active bone"
"(選択中の)ボーン名を正規表現に一致する部分で置換します","In bone name (of choice) to match regular expression replace"
"選択中ボーンのX軸反対側の位置にあるボーンを「○.R ○.L」のように対にします","Bone is located opposite X axis selection in bone \"1.R longs 1.L\" of so versus the"
"選択ボーンの方向に新規ボーンを伸ばします","Stretch new bone in direction of selected bone"
"選択中のボーンの名前をまとめて設定します","name of selected bone sets together"
"選択中のボーンのカーブボーン設定をします","Bones of selected curve born sets"
"メッシュ選択モードを頂点→辺→面…と切り替えます","Mesh selection mode => top => side surface. Switch and"
"プロポーショナル編集のパイメニューです","Is pie menu proportional edit"
"プロポーショナル編集のモードを設定します","Set proportional editing modes"
"ショートカットに登録すると便利そうな機能群です","Looks useful functions is to register shortcut"
"現在のメッシュ選択モードと同じ要素(頂点・辺・面)を削除します","Same mesh selection mode of current element (vertex and side and side) remove"
"隠している状態のメッシュを全て削除します","Delete all are mesh"
"メッシュオブジェクトがアクティブな状態で実行してください","Running on mesh object is active"
"1頂点以上を選択しているメッシュパーツを隠します","Hides mesh part has selected more than one top"
"選択中の頂点のアクティブ頂点カラーを指定色で塗り潰します","Active vertex colors for selected vertices with specified color fills"
"リストの一番上にあるシェイプキーを選択します","Schipke is at top of list, select"
"編集ケージへのモディファイア適用を切り替え","Transition modifiers apply to editing cage"
"編集中のメッシュケージにモディファイアを適用するかを切り替えます","Toggles whether to apply modifiers to total en bloc spondylectomy in editing"
"ケージの表示/適応を両方オフにしました","Display / adaptation of cage both have been cleared"
"ケージの表示/適応を両方オンにしました","Show cage / adaptation, both turned"
"ミラーモディファイアが無ければ追加、有れば削除します","Delete if not Miller modifier added, Yes"
"選択頂点のウェイトの平均で、選択頂点を塗り潰します","Fills selected vertex, vertices weighted average"
"「別オブジェクトに分離」の拡張メニューを呼び出します","Isolate to another object of call extended menu"
"「選択物で分離」した後に分離した側のエディトモードに入ります","After \"in choice of separation\" enters edit mode for separation side"
"選択部分を複製・分離し新オブジェクトにしてからエディトモードに入ります","Enters edit mode, replication and selection to new object from"
"もう1つの選択メッシュに、選択頂点をぺったりとくっつけます","Another one you mesh selected vertices pettanko!, glue"
"1つ以上は頂点を選択して実行して下さい","One run, select vertex more than"
"「別オブジェクトに分離」の拡張メニューです","Isolate to another object of extended menu"
"他の選択オブジェクトにアクティブオブジェクトの名前をリンクします","Link name of active object to other selected objects"
"他の選択オブジェクトにアクティブオブジェクトのレイヤーをリンクします","link active object layers to other selected objects"
"他の選択オブジェクトにアクティブオブジェクトの表示パネルの設定をコピーします","Copy settings panel of active object to other selected objects"
"他の選択オブジェクトにアクティブオブジェクトのUVを空にして追加します","Empty, add UV active objects to other selected objects"
"コンストレイントによって、他の選択アーマチュアにアクティブアーマチュアの動きを真似させます","By constraints on other selected armature mimic active armature movement"
"アクティブオブジェクトの変形情報を、他の選択オブジェクトにコピーします","Information of active object copies to other selected objects"
"オブジェクトに関するコピーのパイメニューです","Pie object copy is"
"オブジェクト対話モードのパイメニューです","Is pie menu objects in interactive mode"
" はその対話モードに入る事が出来ません"," Is able to enter interactive mode"
"サブサーフのレベルを設定するパイメニューです","Is pie menu to set Subsurf levels"
"最高描画タイプを設定するパイメニューです","Is pie menu to set up drawing type"
"削除する時の確認メッセージを表示せずにオブジェクトを削除します","Deletes object without displaying confirmation message when deleting"
"オブジェクト操作に関するパイメニューです","Is pie on object action menu"
"オブジェクトの位置/回転/スケールを適用します","Applies to object position / rotation / Pan"
"隠していたオブジェクトを再び表示します、選択はしません","Does not display objects were hidden again, select"
"オブジェクトの表示状態と非表示状態を反転させます","Flips object's view state and non-State"
"表示されている特定タイプのオブジェクトを隠します","Hides object of specific type are displayed"
"表示されている特定タイプのオブジェクト以外を隠します","Hides object non-specific type that is displayed"
"他の選択中のメッシュからアクティブにウェイトペイントを転送します","From mesh during selection of other active forwarding weight paint"
"選択中のメッシュオブジェクトのスムーズ/フラット状態を切り替えます","Toggles selected mesh object smooth / flat state"
"メッシュオブジェクトをアクティブにしてから実行して下さい","Try mesh object to activate it"
"メッシュオブジェクトをフラットにしました","Have flat mesh object"
"メッシュオブジェクトをスムーズにしました","Mesh objects smoothly"
"アクティブなメッシュに他の選択メッシュの頂点グループを転送します","Transfers to other selected mesh vertex group active mesh"
"メッシュオブジェクトを2つ以上選択した状態で実行して下さい","Please run selected mesh object to two or more"
"全てのウェイトの平均で、全ての頂点を塗り潰します","In average weight of all, fills all vertices"
"選択中のメッシュオブジェクトの頂点部分に新規メタボールを張り付かせます","Have made new metaballs to vertices of selected mesh object"
"アクティブなグリースペンシルに沿ってメタボールを配置します","metaballs align with active grease pencil"
"グリースペンシルレイヤーが存在しません","Grespencillayer does not exist"
"メッシュの変形を真似するアーマチュアを作成","Creating an armature to mimic mesh deformation"
"アクティブメッシュオブジェクトの変形に追従するアーマチュアを新規作成します","Creates new armature to follow active mesh objects"
"はメッシュオブジェクトではないので無視します","mesh object ignored"
"選択オブジェクトの頂点グループが割り当てられている頂点位置に、その頂点グループ名のボーンを作成します","Create vertex group names bone vertices where vertex group of selected objects that are assigned"
"はメッシュオブジェクトではありません、無視します","A mesh object, ignore"
"には頂点グループがありません、無視します","To ignore missing vertex groups"
"選択オブジェクトに「厚み付けモディファイア」による輪郭描画を追加します","Add to thicken modi contour drawing selection"
"1つ以上のメッシュオブジェクトを選択した状態で実行して下さい","Please run selected mesh object for one or more"
"にマテリアルが割り当てられていないので無視します","To ignore because material is not assigned"
"選択中のオブジェクトをレンダリングしない設定にします","setting does not render selected object"
"レンダリングするかを「表示/非表示」に同期","Or to render \"show / hide\" to sync"
"現在のレイヤー内のオブジェクトをレンダリングするかどうかを表示/非表示の状態と同期します","Synchronize display / hide status and whether or not to render objects in current layer"
"全てのオブジェクトの選択不可設定を解除します(逆も可)","Removes all non-select settings (vice versa)"
"選択物以外のオブジェクトを選択出来なくします","Cannot select object other than selection of"
"選択中のオブジェクトを選択出来なくします","Can't select selected object"
"選択中のオブジェクトの名前を正規表現で置換します","Name of currently selected object replace with regular expressions"
"選択中のオブジェクトのオブジェクト名とデータ名を同じにします","same object and data names for selected objects"
"選択オブジェクトのオブジェクトカラーを有効にし、色を設定します","Object color of selected object and sets color,"
"選択オブジェクトのオブジェクトカラーを無効にし、色を設定します","To disable object color of selected object, sets color"
"親オブジェクトのモディファイアを適用してから、親子関係を作成します","Create parent/child relationship after applying modifiers of parent object"
"アクティブがメッシュオブジェクトではありません","Active is not mesh object"
"モディファイア適用後に頂点数が変化してます、望んだ結果じゃないかもしれません","May not count changes after applying modifier to wished result"
"アクティブなカーブオブジェクトに沿ったロープや蛇のようなメッシュを新規作成します","Creates mesh like rope along curve object is active or snake new"
"カーブに設定されているベベルオブジェクトを選択カーブの断面へと移動させます","Curve beveled objects that move and selection curve section"
"にベベルオブジェクトが設定されていません、無視します","To ignore bevel object has not been set"
"内にカーブデータがありません、無視します","Ignore missing in these curves"
"のセグメント数が少なすぎます、無視します","segment number is too low and ignore the"
"は対応していないタイプのカーブです、無視します","Will ignore is curve type not supported"
"オブジェクトのレンダリング制限関係のメニューです","Menu object rendering limits involved"
"オブジェクトの選択制限関係のメニューです","Menu selection limits relationships between objects"
"モディファイア適用 => +頂点(三角形)","Modifiers apply => + vertex (triangle)"
"選択中のボーンと同じ頂点グループのウェイトを合成します","Weight of selected bone and same vertex group merges"
"ボーンを2つ以上選択してから実行して下さい","Please select two or more bones from running"
"選択中のボーンと同じ頂点グループのウェイトを減算します","Subtracts weight of selected bone and same vertex groups"
"他の選択オブジェクトと重なっている部分のウェイトを塗ります","I painted weight of portion that overlaps other selected objects"
"アクティブ、もしくは全ての頂点グループをぼかします","Blurs active or all vertex groups"
"IKの回転制限設定をコンストレイントの回転制限設定にコピー","Copy rotation constraint restrictions IK rotation restriction settings"
"選択しているボーンを選択不可能にします","Choose bone has selected impossible"
"全ての選択不可設定のボーンを選択可能にします","non-selection of all bone"
"選択ボーンのカスタムシェイプを作成します","Creates choice bone shape"
"一時的にアーマチュアを非表示にしました","Temporarily became hidden armature"
"選択中のボーンのウェイトコピーで使用するメッシュを作成します","Creates mesh to use with copy of selected bone weight"
"チェーン状ボーンをグリースペンシルに沿わせる","Fit chain of bones to grease pencil"
"チェーン状ボーンをアノテーションに沿わせる","Fit chain of bones to Annotation"
"チェーンの様に繋がった選択ボーンをグリースペンシルに沿わせてポーズを付けます","Select bones linked like chain of threading to grease pencil, pose"
"チェーンの様に繋がった選択ボーンをアノテーションに沿わせてポーズを付けます","Select bones linked like chain of threading to Annotation, pose"
"GPオブジェクトを2番目に選択してください","Select the GP object second"
"GPオブジェクトを使用","Use GP Object"
"選択中のボーンにスローペアレントを設定します","Sets selected bone slow parent"
"ボーン名の XXX.R => XXX_R を相互変換","Bone name XXX. R => XXX_R juggling"
"ボーン名の XXX.R => XXX_R を相互変換します","Bone name XXX. R => conversion XXX_R"
"「X.L」なら「X.R」、「X.R」なら「X.L」の名前のボーンへとコンストレイントをコピーします","\"X.L\" If \"X.R\", \"X.R\" bone \"X.L\" name copy constraints"
"「X.001」など、連番の付いたボーン名から数字を取り除くのを試みます","Attempts to get rid of numbers from bone with sequential number, such as \"X.001\""
"選択中の繋がったボーン群に、RigidBodyによる物理演算を設定します","Sets by RigidBody physics led of selected bone set,"
"一連の繋がったボーンを選択して実行して下さい","Please run then led series of bones"
"現在のボーンの回転状態を、IKやコンストレイントの回転制限へと設定します","Current bone rotation sets to rotation limit constraints and IK"
"メッシュの右半分を選択します(その他設定も有)","Select right half of mesh (other settings too)"
"最大オブジェクトに対して大きい、もしくは小さいオブジェクトを選択します","Select maximum objects larger or smaller objects"
"アクティブオブジェクト以外の全てを非選択にします","Uncheck everything except for active object"
"アクティブなオブジェクトと同じ名前 (X X.001 X.002など) の可視オブジェクトを選択します","Select visible object of active object with same name, such as (X.001 X X.002)"
"アクティブなオブジェクトのマテリアル構造と同じ可視オブジェクトを選択します","Select active object material structure and same visible objects"
"同じモディファイア構造のオブジェクトを選択","Select same modifier structure object"
"アクティブなオブジェクトのモディファイア構造が同じ可視オブジェクトを選択します","Select same modifier of active objects visible objects"
"アクティブなオブジェクトのサブサーフレベルが同じ可視オブジェクトを選択します","Select Subsurf levels of active objects have same visible objects"
"同じアーマチュアで変形しているオブジェクトを選択","Select objects that transform in same armature"
"アクティブなオブジェクトと同じアーマチュアで変形している可視オブジェクトを選択します","Select visible objects are transformed in an active object with same armature"
"アクティブオブジェクトにアーマチュアモディファイアがありません","Armtuamodifaia has no active object"
"アクティブオブジェクトより大きい、もしくは小さいオブジェクトを追加選択します","Greater than active object, or select additional small objects"
"面が無く、辺のみのメッシュを選択します","Terms, select only side mesh"
"面と辺が無く、頂点のみのメッシュを選択します","Surfaces and edges, select mesh vertices only"
"面と辺と頂点が無い空のメッシュオブジェクトを選択します","Surface and edge and select mesh object vertex is not empty"
"プロパティによってグループ化されたすべての可視オブジェクトを選択します","Select all visible objects grouped by properties"
"可視メッシュオブジェクトを選択する機能のメニューです","Ability to select mesh object visualization menu"
"X.Rを選択中ならX.Lへ選択を変更、X.LならX.Rへ","If you select X.R change selection to X.L, X.L if to X.R"
"アクティブボーンと同じ種類のコンストレイントを持ったボーンを追加選択します","Select additional bone with active bone and same kind of constraint"
"X.Rを選択中ならX.Lも追加選択、X.LならX.Rも選択","If you select X.R X.L also selected X.R X.L you select additional"
"選択ボーンの子 → 子ボーンの子...と最後まで選択していきます","Select bones child-child child's bones. And we will select to end"
"選択ボーンの親 → 親ボーンの親...と最後まで選択していきます","Choice bones parent => parent of parent bone. And we will select to end"
"ボーン群の右半分を選択します(その他設定も有り)","Select right half of bone (other settings are also available)"
"カーソル部分のボーンを選択し、そこまでの経路も選択します","Select path to it, select cursor part bone and"
"同じプロパティでまとめた可視ボーンをすべて選択する機能のメニューです","Ability to select all visible bones together with same properties menu"
"マウス下のメッシュ面上に3Dカーソルを移動させます(ショートカットに登録してお使い下さい)","(Please use shortcuts) mesh surface under mouse move 3D cursor"
"視点の中心位置に3Dカーソルを移動させます","Move 3D cursor to location of center point of"
"3Dカーソルを遥か遠くに移動させて非表示のように見せかけます","Pretend to hide 3D cursor to move far far away"
"アクティブなUV展開を他のUVからコピーしてきます","Active UV unwrapping can be copied from other UV"
"選択部分のアクティブなUV展開を、他のUVからコピーしてきます","Active UV unwrapping of selection can be copied from other UV"
"グローバルビュー/ローカルビュー(非ズーム)","Global / local view (non-zoom)"
"選択したオブジェクトのみを表示し、視点の中央に配置します(ズームはしません)","Displays only selected objects and centered point of view doesn't (zoom)"
"シェーディングを 「ワイヤーフレーム」→「ソリッド」→「テクスチャ」... と切り替えていきます","\"Wireframe\", \"solid\" => \"texture\" shading... We will switch"
"プリセットビュー(テンキー1,3,7とか)のパイメニューです","Is pie menu of preset views or (NUMPAD 1, 3, 7)"
"シェーディング切り替えパイメニューです","Is shading switch pie"
"レイヤー表示切り替えのパイメニューです","Is pie menu toggle layer visibility"
"切り替えるレイヤーを選択して下さい (+Shiftで追加選択 +Ctrlで半選択 +Altで半選択解除)","Select layer switch (shift + add choice + CTRL semi-selection + ALT half-clear)"
"レイヤーを切り替えます (+Shiftで追加選択 +Ctrlで半選択 +Altで半選択解除)","Shows or hides layer (shift + add choice + CTRL semi-selection + ALT half-clear)"
"選択中の物に3D視点の中心を合わせます(ズームはしません)","Selected ones over center of 3D perspective not (zoom)"
"3Dビューの視点を座標の中心に移動します","3D view perspective moves in center of coordinates"
"マウス下の物を選択し視点の中心にします (Shiftを押しながらで追加選択)","Select object under mouse, in heart of point of view (SHIFT while additional choices)"
"マウス下のメッシュ面上に視点の中心を移動させます(ショートカットに登録してお使い下さい)","(Please use shortcuts) move center point of view mesh surface under mouse"
"視点と3Dカーソルの位置を原点(XYZ=0.0)に移動させます","Perspective and 3D cursor position move to starting point (XYZ=0.0)"
"マウス下のメッシュ面上に視点と3Dカーソルを移動させます (ショートカットに登録してお使い下さい)","(Please use shortcuts) move viewpoint and 3D cursor mesh surface under mouse"
"選択中の面の法線方向から面を注視します","watch face from selected surface normal direction"
"所属しているグループで表示/非表示を切り替えます","Switch Show / Hide group has"
"アクティブなペイントスロットをアクティブなテクスチャスロットにします","active texture slot slot active paint"
"ユーザー設定のファイルタブで設定した追加の外部エディターでクイック編集を行います","Do quick editing in an external editor of additional files page of custom"
"メニューの表示・除去ボタンを有効","Enable 'On/Off additional items' Button"
"外部アプリ","External app"
"ウィンドウ切り替え(ショートカット登録用)","Switch Windows (For Shortcut)"
"コレクション (Scramble Addon)","Collections (Scramble Addon)"
"ボーングループがありません","No Bone groups"
